stock_name,concept_count,concepts
华工科技,13,AI硬件、玻璃基板、磷化铟概念、光通信设备、地方国资、大厂算力梳理、硅光技术概念、新质生产力、智能驾驶系统、国企人工智能、激光雷达、比亚迪产业链、中部崛起概念
中电港,12,AI硬件、长鑫存储概念、国产芯片概念、关税战概念、半导体存储器、英伟达概念、国企人工智能、小米汽车、华为海思概念、中字头概念、SRAM存储概念、大基金持股
兆易创新,12,长鑫存储概念、涨价概念、国产芯片概念、半导体存储器、智能驾驶系统、自主可控、AI眼镜概念、科技重组预期概念、SRAM存储概念、汽车芯片、RISC-V概念、MR概念
拓尔思,12,优必选机器人、大厂算力梳理、新质生产力、AIGC应用、腾讯AI概念、智谱AI概念、稳定币概念、大模型概念、数据要素、Pika概念、文生视频概念、数字政务
科华数据,12,AI硬件、电力、国产芯片概念、大厂算力梳理、光伏、储能概念、海峡两岸、DeepSeek概念、小红书概念、腾讯AI概念、量子信息、数字政务
赛微电子,12,AI硬件、人形机器人、玻璃基板、功率半导体、光刻机概念、光通信设备、核心城市算力、智能驾驶系统、华为海思概念、无人驾驶应用、RISC-V概念、大基金持股
软通动力,12,物理AI概念、关税战概念、大厂算力梳理、DeepSeek概念、华为鸿蒙、智元机器人、字节跳动概念、AIPC概念、自主可控、华为海思概念、数字货币概念、AI低代码概念
中科创达,11,人形机器人、优必选机器人、智能驾驶系统、字节跳动概念、AIPC概念、AI眼镜概念、AI视觉、华为海思概念、大模型概念、汽车芯片、RISC-V概念
北方华创,11,半导体设备、功率半导体、关税战概念、地方国资、新质生产力、设备更新、自主可控、华为海思概念、LED概念、中证A50成分股、大基金持股
厦门钨业,11,AI硬件、涨价概念、对日反制、关税战概念、小金属、地方国资、稀土永磁、军工、可控核聚变、出口管制概念、海峡两岸
天娱数科,11,电力、物理AI概念、AI营销、小红书概念、AIGC应用、腾讯AI概念、字节跳动概念、AI眼镜概念、动作捕捉概念、黑神话悟空概念、MR概念
怡亚通,11,AI硬件、长鑫存储概念、商业航天、涨价概念、国产芯片概念、地方国资、半导体存储器、光伏、统一大市场、SPD医疗供应链、京东概念
易点天下,11,AI营销、AIGC应用、跨境支付、Kimi智能助手、字节跳动概念、短剧产业、新消费、Pika概念、文生视频概念、跨境电商、华为甄选与支付
沃格光电,11,玻璃基板、商业航天、HBM存储、先进封装、消费电子、光伏、LED概念、复合集流体、折叠屏概念、光伏新技术、中部崛起概念
中国长城,10,AI硬件、商业航天、涨价概念、国产芯片概念、关税战概念、大厂算力梳理、核心城市算力、国企人工智能、自主可控、中字头概念
中科曙光,10,AI硬件、大厂算力梳理、DeepSeek概念、核心城市算力、智元机器人、腾讯AI概念、字节跳动概念、智谱AI概念、国企人工智能、自主可控
利亚德,10,人形机器人、玻璃基板、光通信设备、Micro(硅基)OLED、AI眼镜概念、LED概念、动作捕捉概念、首发经济、黑神话悟空概念、MR概念
商络电子,10,AI硬件、人形机器人、优必选机器人、统一大市场、智元机器人、字节跳动概念、AI眼镜概念、低空经济、影石全景相机、小米发布会
因赛集团,10,AI营销、AIGC应用、字节跳动概念、短剧产业、大模型概念、文生视频概念、外卖概念、跨境电商、华为甄选与支付、MR概念
神州数码,10,大厂算力梳理、DeepSeek概念、核心城市算力、英伟达概念、腾讯AI概念、智谱AI概念、自主可控、AI眼镜概念、华为海思概念、甲骨文概念
立昂微,10,半导体材料、长鑫存储概念、商业航天、功率半导体、国产芯片概念、对日反制、长江存储概念、硅、比亚迪产业链、汽车芯片
紫光股份,10,AI硬件、大厂算力梳理、硅光技术概念、新质生产力、DeepSeek概念、核心城市算力、英伟达概念、自主可控、数据要素、中证A50成分股
联泓新科,10,半导体材料、人形机器人、涨价概念、国产芯片概念、锂电池材料、先进封装、光纤、固态电池概念、光伏、光伏辅材
视觉中国,10,AI营销、小红书概念、AIGC应用、华为鸿蒙、字节跳动概念、智谱AI概念、大模型概念、版权、数据要素、Pika概念
领益智造,10,人形机器人、商业航天、稀土永磁、消费电子、储能概念、智元机器人、AI眼镜概念、华为手机产业链、折叠屏概念、MR概念
鼎龙股份,10,半导体材料、长鑫存储概念、玻璃基板、国产芯片概念、锂电池材料、对日反制、HBM存储、先进封装、折叠屏概念、中部崛起概念
上海电气,9,人形机器人、半导体设备、地方国资、并购重组预期概念、储能概念、新质生产力、化债概念、ITER概念、沙特合作概念
中光学,9,军工、智能驾驶系统、外骨骼机器人、AI眼镜概念、中字头概念、华为手机产业链、国企重组合并、空中成像、MR概念
中恒电气,9,AI硬件、电力、大厂算力梳理、储能概念、核心城市算力、腾讯AI概念、充电桩、换电概念、V2G概念
中矿资源,9,涨价概念、锂电池材料、对日反制、锂矿、小金属、稀土永磁、反内卷概念、出口管制概念、金属铜
北京君正,9,涨价概念、国产芯片概念、半导体存储器、智能驾驶系统、自主可控、AI眼镜概念、SRAM存储概念、汽车芯片、RISC-V概念
国脉文化,9,人形机器人、国产芯片概念、并购重组预期概念、AIGC应用、国企人工智能、AI眼镜概念、游戏、文生视频概念、MR概念
奥比中光,9,人形机器人、物理AI概念、优必选机器人、新质生产力、英伟达概念、智元机器人、AI视觉、空中成像、MR概念
安泰科技,9,半导体材料、商业航天、对日反制、稀土永磁、可控核聚变、出口管制概念、氢能源、低空经济、碳纤维
常山北明,9,电力、关税战概念、大厂算力梳理、DeepSeek概念、华为鸿蒙、腾讯AI概念、智谱AI概念、自主可控、数字政务
欧菲光,9,人形机器人、消费电子、新质生产力、智能驾驶系统、AI眼镜概念、华为问界、华为手机产业链、小米机器人、小米发布会
比亚迪,9,国产芯片概念、关税战概念、储能概念、新质生产力、设备更新、出海、智元机器人、中证A50成分股、RISC-V概念
浪潮信息,9,AI硬件、大厂算力梳理、新质生产力、DeepSeek概念、腾讯AI概念、字节跳动概念、国企人工智能、数据要素、RISC-V概念
特变电工,9,AI硬件、电力、黄金白银、反内卷概念、光伏、储能概念、设备更新、硅、智能电网
联赢激光,9,AI硬件、玻璃基板、半导体设备、锂电池材料、光通信设备、先进封装、光纤、固态电池概念、光伏
远东股份,9,商业航天、电力、锂电池材料、优必选机器人、光纤、可控核聚变、储能概念、智能电网、充电宝概念
长电科技,9,AI硬件、半导体材料、玻璃基板、关税战概念、HBM存储、自主可控、科技重组预期概念、扇出型封装、大基金持股
隆华科技,9,半导体材料、商业航天、对日反制、稀土永磁、军工、光伏、低空经济、钙钛矿电池、光伏新技术
雅克科技,9,半导体材料、长鑫存储概念、半导体设备、国产芯片概念、对日反制、HBM存储、光刻机概念、长江存储概念、大基金持股
龙芯中科,9,AI硬件、商业航天、涨价概念、国产芯片概念、关税战概念、DeepSeek概念、核心城市算力、AIPC概念、自主可控
TCL中环,8,半导体材料、商业航天、对日反制、光伏、硅、光伏新技术、破净整理、沙特合作概念
丝路视觉,8,新质生产力、核心城市算力、字节跳动概念、首发经济、黑神话悟空概念、空中成像、文生视频概念、MR概念
中兴通讯,8,AI硬件、商业航天、国产芯片概念、光通信设备、新质生产力、中证A50成分股、RISC-V概念、充电宝概念
中文在线,8,AIGC应用、出海、腾讯AI概念、字节跳动概念、短剧产业、大模型概念、文生视频概念、谷子经济概念
云南锗业,8,商业航天、涨价概念、磷化铟概念、对日反制、关税战概念、小金属、光纤、出口管制概念
伊戈尔,8,AI硬件、电力、光伏、出海、华为液冷快充、华为储能、海洋经济、充电桩
优刻得,8,AI硬件、商业航天、电力、国产芯片概念、DeepSeek概念、智谱AI概念、数据要素、MCP概念
元隆雅图,8,AI营销、小红书概念、字节跳动概念、稳定币概念、新消费、冰雪旅游概念、服务消费概念、谷子经济概念
光威复材,8,商业航天、涨价概念、关税战概念、军工、出口管制概念、低空经济、风电、碳纤维
光库科技,8,AI硬件、光通信设备、地方国资、光纤、硅光技术概念、新质生产力、国企人工智能、激光雷达
光迅科技,8,AI硬件、商业航天、光通信设备、大厂算力梳理、硅光技术概念、新质生产力、字节跳动概念、国企人工智能
兴森科技,8,AI硬件、长鑫存储概念、玻璃基板、国产芯片概念、HBM存储、先进封装、华为手机产业链、IC载板
兴福电子,8,半导体材料、长鑫存储概念、玻璃基板、磷化铟概念、国产芯片概念、先进封装、地方国资、长江存储概念
创维数字,8,储能概念、AIGC应用、华为鸿蒙、AI眼镜概念、游戏、动作捕捉概念、空中成像、MR概念
利欧股份,8,AI硬件、商业航天、物理AI概念、AI营销、DeepSeek概念、小红书概念、字节跳动概念、MCP概念
华东医药,8,创新药进度整理、关税战概念、减肥药概念、复苏消费概念、麦角硫因概念、宠物经济、合成生物、医美
华天科技,8,长鑫存储概念、玻璃基板、国产芯片概念、HBM存储、科技重组预期概念、华为海思概念、扇出型封装、大基金持股
华峰超纤,8,关税战概念、跨境支付、稳定币概念、低空经济、数字货币概念、蚂蚁金服概念、华为甄选与支付、旅游
华策影视,8,关税战概念、Kimi智能助手、智谱AI概念、短剧产业、大模型概念、版权、影视概念、谷子经济概念
吉大正元,8,商业航天、大金融、跨境支付、字节跳动概念、自主可控、稳定币概念、数据要素、蚂蚁金服概念
四川九洲,8,商业航天、军工、硅光技术概念、低空经济、大飞机、西部大开发、军贸、军工信息化
复旦微电,8,AI硬件、涨价概念、国产芯片概念、军工、半导体存储器、自主可控、汽车芯片、RISC-V概念
多氟多,8,半导体材料、长鑫存储概念、涨价概念、国产芯片概念、锂电池材料、固态电池概念、储能概念、比亚迪产业链
大族激光,8,玻璃基板、半导体设备、先进封装、光纤、光伏、新质生产力、设备更新、钙钛矿电池
天源迪科,8,大厂算力梳理、跨境支付、智谱AI概念、稳定币概念、超聚变、数据要素、车路云一体化、数字政务
奥飞娱乐,8,乙游概念、腾讯AI概念、短剧产业、生育概念、动作捕捉概念、首发经济、服务消费概念、谷子经济概念
宇晶股份,8,人形机器人、磷化铟概念、功率半导体、稀土永磁、出口管制概念、光伏、设备更新、中部崛起概念
实丰文化,8,字节跳动概念、新消费、游戏、生育概念、服务消费概念、宠物经济、线上送礼物概念、谷子经济概念
张江高科,8,商业航天、半导体设备、关税战概念、光刻机概念、地方国资、设备更新、地产链、蚂蚁金服概念
当虹科技,8,人形机器人、国产芯片概念、AIGC应用、英伟达概念、自主可控、Pika概念、空中成像、文生视频概念
彩讯股份,8,核心城市算力、华为鸿蒙、字节跳动概念、智谱AI概念、大模型概念、甲骨文概念、数字政务、华为甄选与支付
拓维信息,8,国产芯片概念、关税战概念、大厂算力梳理、新质生产力、DeepSeek概念、华为鸿蒙、自主可控、华为海思概念
昆仑万维,8,乙游概念、新质生产力、AIGC应用、核心城市算力、出海、AI眼镜概念、服务消费概念、文生视频概念
晶方科技,8,玻璃基板、国产芯片概念、HBM存储、光刻机概念、比亚迪产业链、华为手机产业链、汽车芯片、扇出型封装
晶瑞电材,8,半导体材料、长鑫存储概念、国产芯片概念、锂电池材料、对日反制、长江存储概念、无人驾驶应用、大基金持股
有研新材,8,半导体材料、长鑫存储概念、磷化铟概念、对日反制、先进封装、稀土永磁、Micro(硅基)OLED、固态电池概念
杰普特,8,AI硬件、光通信设备、光伏、激光雷达、钙钛矿电池、华为手机产业链、光伏新技术、MR概念
洛阳钼业,8,涨价概念、对日反制、关税战概念、小金属、黄金白银、军工、出口管制概念、金属铜
浙数文化,8,人形机器人、国产芯片概念、大厂算力梳理、固态电池概念、核心城市算力、腾讯AI概念、数据要素、数字政务
深桑达A,8,半导体设备、关税战概念、长江存储概念、DeepSeek概念、智谱AI概念、国企人工智能、数据要素、数字政务
深科技,8,长鑫存储概念、涨价概念、国产芯片概念、HBM存储、先进封装、优必选机器人、半导体存储器、智能电网
烽火通信,8,AI硬件、商业航天、光纤、大厂算力梳理、DeepSeek概念、国企人工智能、华为海思概念、数字政务
瑞芯微,8,功率半导体、国产芯片概念、AI眼镜概念、AI视觉、小米机器人、RISC-V概念、大基金持股、MR概念
电科网安,8,商业航天、关税战概念、军工、跨境支付、自主可控、稳定币概念、数据要素、军工信息化
科蓝软件,8,AI营销、核心城市算力、跨境支付、华为鸿蒙、腾讯AI概念、自主可控、稳定币概念、华为甄选与支付
紫光国微,8,商业航天、涨价概念、国产芯片概念、关税战概念、半导体存储器、自主可控、汽车芯片、RISC-V概念
美格智能,8,物理AI概念、消费电子、DeepSeek概念、核心城市算力、智能驾驶系统、AI手机、5G-A、车路云一体化
联创光电,8,商业航天、光通信设备、军工、可控核聚变、智能驾驶系统、低空经济、ITER概念、军贸
致尚科技,8,AI硬件、国产芯片概念、硅光技术概念、新质生产力、出海、字节跳动概念、AI眼镜概念、MR概念
航宇微,8,商业航天、地方国资、半导体存储器、国企人工智能、低空经济、卫星互联网、SRAM存储概念、RISC-V概念
苏州固锝,8,人形机器人、并购重组预期概念、光伏、新质生产力、科技重组预期概念、比亚迪产业链、光伏辅材、光伏新技术
英维克,8,AI硬件、大厂算力梳理、核心城市算力、腾讯AI概念、字节跳动概念、华为海思概念、超聚变、华为储能
西藏珠峰,8,涨价概念、锂电池材料、对日反制、关税战概念、锂矿、小金属、反内卷概念、出口管制概念
西陇科学,8,AI硬件、半导体材料、涨价概念、国产芯片概念、锂电池材料、储能概念、食品安全、医美
迈为股份,8,商业航天、半导体设备、先进封装、光伏、新质生产力、设备更新、钙钛矿电池、光伏新技术
铜牛信息,8,AI硬件、地方国资、可控核聚变、DeepSeek概念、核心城市算力、国企人工智能、量子信息、数据要素
锐捷网络,8,AI硬件、地方国资、大厂算力梳理、硅光技术概念、新质生产力、腾讯AI概念、字节跳动概念、国企人工智能
雪人集团,8,可控核聚变、新质生产力、海峡两岸、核电、氢能源、西藏水电概念、冰雪旅游概念、磁悬浮压缩机
*ST宝馨,7,光伏、设备更新、钙钛矿电池、华为液冷快充、光伏新技术、华为储能、充电桩
万润科技,7,地方国资、并购重组预期概念、长江存储概念、半导体存储器、科技重组预期概念、LED概念、小米机器人
三六零,7,AI营销、乙游概念、DeepSeek概念、智能驾驶系统、智谱AI概念、自主可控、大模型概念
三安光电,7,半导体材料、商业航天、磷化铟概念、功率半导体、光通信设备、LED概念、大基金持股
东方中科,7,新质生产力、华为鸿蒙、自主可控、小米汽车、华为海思概念、数字政务、小米发布会
中国建筑,7,商业航天、地产链、中字头概念、中证A50成分股、破净整理、汇金证金持股、沙特合作概念
中微公司,7,半导体设备、HBM存储、Micro(硅基)OLED、新质生产力、自主可控、LED概念、大基金持股
中科金财,7,大金融、核心城市算力、智谱AI概念、稳定币概念、Pika概念、甲骨文概念、文生视频概念
中航光电,7,AI硬件、商业航天、军工、低空经济、海洋经济、800V快充、充电桩
中芯国际,7,半导体材料、国产芯片概念、关税战概念、自主可控、中证A50成分股、RISC-V概念、大基金持股
中钨高新,7,AI硬件、涨价概念、对日反制、小金属、军工、出口管制概念、国企重组合并
亚康股份,7,电力、大厂算力梳理、DeepSeek概念、核心城市算力、腾讯AI概念、字节跳动概念、超聚变
亿纬锂能,7,人形机器人、固态电池概念、储能概念、新质生产力、AI眼镜概念、换电概念、充电宝概念
全志科技,7,国产芯片概念、新质生产力、AI视觉、汽车芯片、小米机器人、RISC-V概念、MR概念
兴发集团,7,半导体材料、涨价概念、磷化铟概念、国产芯片概念、磷化工、硅、农药
凯美特气,7,半导体材料、国产芯片概念、对日反制、关税战概念、光刻机概念、设备更新、氢能源
华域汽车,7,地方国资、固态电池概念、智能驾驶系统、高股息、小米汽车、车路云一体化、破净整理
华润微,7,半导体材料、半导体存储器、新质生产力、比亚迪产业链、汽车芯片、RISC-V概念、大基金持股
协鑫能科,7,电力、储能概念、稳定币概念、华为液冷快充、蚂蚁金服概念、充电桩、换电概念
南天信息,7,商业航天、关税战概念、跨境支付、华为鸿蒙、国企人工智能、自主可控、AI低代码概念
博彦科技,7,关税战概念、小红书概念、字节跳动概念、智谱AI概念、自主可控、数据要素、京东概念
卧龙电驱,7,人形机器人、核心城市算力、智元机器人、外骨骼机器人、低空经济、比亚迪产业链、800V快充
吉宏股份,7,海峡两岸、出海、字节跳动概念、宠物经济、外卖概念、跨境电商、华为甄选与支付
国电南瑞,7,电力、设备更新、智能电网、RISC-V概念、汇金证金持股、充电桩、V2G概念
国科微,7,AI硬件、国产芯片概念、并购重组预期概念、自主可控、AI视觉、大基金持股、中部崛起概念
大华股份,7,关税战概念、大厂算力梳理、DeepSeek概念、核心城市算力、智能驾驶系统、大模型概念、数据要素
天合光能,7,商业航天、电力、光伏、储能概念、稳定币概念、光伏辅材、光伏新技术
天融信,7,商业航天、智能驾驶系统、腾讯AI概念、稳定币概念、量子信息、数据要素、数字政务
安集科技,7,半导体材料、国产芯片概念、对日反制、HBM存储、先进封装、长江存储概念、大基金持股
宝钢股份,7,涨价概念、反内卷概念、中证A50成分股、ITER概念、破净整理、大飞机、汇金证金持股
岭南控股,7,关税战概念、地方国资、低空经济、首发经济、服务消费概念、黑神话悟空概念、旅游
巨化股份,7,AI硬件、半导体材料、涨价概念、国产芯片概念、锂电池材料、地方国资、核心城市算力
广电运通,7,大金融、大厂算力梳理、跨境支付、国企人工智能、数字货币概念、数据要素、数字政务
弘信电子,7,电力、大厂算力梳理、DeepSeek概念、字节跳动概念、智谱AI概念、AI眼镜概念、小米机器人
思特奇,7,物理AI概念、大金融、消费电子、核心城市算力、华为鸿蒙、教培、AI低代码概念
思美传媒,7,AI营销、小红书概念、字节跳动概念、智谱AI概念、短剧产业、服务消费概念、华为甄选与支付
成都华微,7,AI硬件、商业航天、国产芯片概念、关税战概念、半导体存储器、SRAM存储概念、RISC-V概念
昊华科技,7,AI硬件、半导体材料、长鑫存储概念、国产芯片概念、锂电池材料、对日反制、光刻机概念
易天股份,7,AI硬件、玻璃基板、半导体设备、先进封装、Micro(硅基)OLED、LED概念、MR概念
普利特,7,人形机器人、商业航天、出口管制概念、固态电池概念、储能概念、5G-A、充电桩
来伊份,7,关税战概念、复苏消费概念、小红书概念、新消费、外卖概念、京东概念、线上送礼物概念
株冶集团,7,涨价概念、磷化铟概念、对日反制、关税战概念、小金属、出口管制概念、国企重组合并
楚江新材,7,商业航天、关税战概念、出口管制概念、金属铜、高速铜缆互联、碳纤维、大飞机
永辉超市,7,关税战概念、复苏消费概念、海峡两岸、首发经济、外卖概念、京东概念、线上送礼物概念
永鼎股份,7,AI硬件、光通信设备、光纤、军工、硅光技术概念、可控核聚变、ITER概念
法本信息,7,大金融、优必选机器人、华为鸿蒙、字节跳动概念、智谱AI概念、稳定币概念、车路云一体化
海光信息,7,AI硬件、涨价概念、国产芯片概念、关税战概念、新质生产力、AIPC概念、自主可控
润和软件,7,大厂算力梳理、跨境支付、华为鸿蒙、自主可控、数字货币概念、RISC-V概念、蚂蚁金服概念
深南电路,7,AI硬件、HBM存储、先进封装、国企人工智能、华为手机产业链、IC载板、大基金持股
硕贝德,7,商业航天、消费电子、智能驾驶系统、AI眼镜概念、华为手机产业链、5G-A、车路云一体化
祥鑫科技,7,人形机器人、优必选机器人、华为问界、小米汽车、比亚迪产业链、超聚变、华为储能
科大讯飞,7,人形机器人、优必选机器人、DeepSeek概念、AIGC应用、外骨骼机器人、大模型概念、中证A50成分股
罗博特科,7,AI硬件、商业航天、硅光技术概念、光伏、设备更新、科技重组预期概念、BC电池
联创电子,7,消费电子、智能驾驶系统、比亚迪产业链、华为手机产业链、小米机器人、影石全景相机、MR概念
艾森股份,7,半导体材料、长鑫存储概念、玻璃基板、对日反制、HBM存储、先进封装、科技重组预期概念
芯源微,7,长鑫存储概念、半导体设备、先进封装、地方国资、Micro(硅基)OLED、设备更新、RISC-V概念
英诺激光,7,AI硬件、玻璃基板、光刻机概念、光伏、钙钛矿电池、BC电池、光伏新技术
蓝思科技,7,人形机器人、玻璃基板、商业航天、消费电子、智元机器人、华为手机产业链、折叠屏概念
蓝色光标,7,AI营销、小红书概念、AIGC应用、字节跳动概念、智谱AI概念、短剧产业、大模型概念
豪威集团,7,国产芯片概念、消费电子、AI眼镜概念、比亚迪产业链、华为手机产业链、汽车芯片、MR概念
豪恩汽电,7,物理AI概念、智元机器人、华为问界、比亚迪产业链、无人驾驶应用、车路云一体化、AEBS概念
赛伍技术,7,商业航天、固态电池概念、光伏、风电、BC电池、光伏辅材、光伏新技术
锐科激光,7,玻璃基板、商业航天、光通信设备、光纤、光伏、激光雷达、中部崛起概念
阿石创,7,半导体材料、玻璃基板、对日反制、光伏、钙钛矿电池、复合集流体、光伏新技术
隆基绿能,7,商业航天、电力、光伏、新质生产力、硅、光伏新技术、中证A50成分股
*ST天宜,6,关税战概念、出口管制概念、光伏、设备更新、光伏辅材、碳纤维
*ST湘邮,6,关税战概念、自主可控、数字货币概念、无人车辆、AI低代码概念、蚂蚁金服概念
万科A,6,地产链、高股息、中证A50成分股、银发经济、破净整理、汇金证金持股
万集科技,6,优必选机器人、智能驾驶系统、AGV机器人概念、汽车芯片、车路云一体化、AEBS概念
上汽集团,6,地方国资、固态电池概念、智能驾驶系统、智元机器人、高股息、破净整理
上海新阳,6,半导体材料、长鑫存储概念、国产芯片概念、HBM存储、先进封装、长江存储概念
上海电影,6,地方国资、短剧产业、版权、影视概念、服务消费概念、谷子经济概念
东方电气,6,AI硬件、可控核聚变、储能概念、核电、西藏水电概念、ITER概念
中国中冶,6,对日反制、光刻机概念、金属铜、中字头概念、国企重组合并、破净整理
中国中车,6,关税战概念、储能概念、中字头概念、中证A50成分股、汇金证金持股、中吉乌铁路概念
中国中铁,6,商业航天、小金属、风电、中字头概念、破净整理、汇金证金持股
中国电建,6,电力、储能概念、中字头概念、西藏水电概念、破净整理、汇金证金持股
中国船舶,6,商业航天、关税战概念、军工、设备更新、出海、国企重组合并
中天科技,6,AI硬件、储能概念、出海、海洋经济、充电桩、沙特合作概念
中广核技,6,人形机器人、光纤、可控核聚变、核电、ITER概念、核污染概念
中材科技,6,AI硬件、商业航天、锂电池材料、氢能源、风电、比亚迪产业链
中来股份,6,地方国资、光伏、光伏辅材、光伏新技术、华为储能、沙特合作概念
中电鑫龙,6,电力、光纤、储能概念、智能电网、数据要素、RISC-V概念
中船特气,6,半导体材料、国产芯片概念、对日反制、光刻机概念、长江存储概念、大基金持股
久之洋,6,商业航天、光通信设备、军工、智能驾驶系统、国企重组合并、海洋经济
争光股份,6,关税战概念、锂矿、减肥药概念、反内卷概念、出口管制概念、核污染概念
云天励飞,6,AI硬件、国产芯片概念、DeepSeek概念、AI眼镜概念、RISC-V概念、数字政务
云赛智联,6,地方国资、大厂算力梳理、核心城市算力、腾讯AI概念、数据要素、数字政务
值得买,6,AI营销、Kimi智能助手、腾讯AI概念、字节跳动概念、线上送礼物概念、华为甄选与支付
光环新网,6,AI硬件、AI营销、大厂算力梳理、核心城市算力、腾讯AI概念、数据要素
全聚德,6,地方国资、复苏消费概念、预制菜、首发经济、服务消费概念、旅游
凌云光,6,AI硬件、人形机器人、优必选机器人、智谱AI概念、动作捕捉概念、MR概念
凯盛科技,6,玻璃基板、商业航天、对日反制、固态电池概念、LED概念、折叠屏概念
创源股份,6,地方国资、新消费、生育概念、服务消费概念、宠物经济、谷子经济概念
华中数控,6,人形机器人、工业母机、新质生产力、设备更新、核心城市算力、中部崛起概念
华勤技术,6,大厂算力梳理、消费电子、英伟达概念、腾讯AI概念、字节跳动概念、AIPC概念
华特气体,6,半导体材料、半导体设备、国产芯片概念、对日反制、光刻机概念、设备更新
华钰矿业,6,涨价概念、关税战概念、小金属、黄金白银、出口管制概念、金属铜
华阳集团,6,智能驾驶系统、华为问界、小米汽车、比亚迪产业链、汽车芯片、小米发布会
南大光电,6,半导体材料、功率半导体、国产芯片概念、对日反制、光刻机概念、大基金持股
南山智尚,6,人形机器人、商业航天、关税战概念、军工、出口管制概念、海洋经济
厦门信达,6,地方国资、海峡两岸、统一大市场、稳定币概念、低空经济、小米汽车
启明星辰,6,商业航天、腾讯AI概念、自主可控、数据要素、海南VPN、数字政务
四创电子,6,关税战概念、并购重组预期概念、军工、核电、低空经济、军工信息化
国芯科技,6,HBM存储、智能驾驶系统、比亚迪产业链、汽车芯片、RISC-V概念、大基金持股
国风新材,6,AI硬件、半导体材料、长鑫存储概念、国产芯片概念、关税战概念、折叠屏概念
士兰微,6,功率半导体、国产芯片概念、自主可控、比亚迪产业链、汽车芯片、大基金持股
天通股份,6,商业航天、光通信设备、稀土永磁、光伏、设备更新、LED概念
天龙集团,6,AI营销、字节跳动概念、短剧产业、大模型概念、教培、华为甄选与支付
太极股份,6,国产芯片概念、关税战概念、核心城市算力、国企人工智能、数字政务、军工信息化
太辰光,6,AI硬件、光通信设备、光纤、新质生产力、出海、高速铜缆互联
宇环数控,6,人形机器人、半导体设备、功率半导体、关税战概念、设备更新、中部崛起概念
安彩高科,6,玻璃基板、并购重组预期概念、反内卷概念、光伏、光伏辅材、中部崛起概念
富乐德,6,AI硬件、长鑫存储概念、半导体设备、长江存储概念、科技重组预期概念、中部崛起概念
富春股份,6,海峡两岸、小红书概念、AIGC应用、出海、新消费、游戏
小商品城,6,关税战概念、大金融、地方国资、统一大市场、跨境支付、跨境电商
峨眉山A,6,关税战概念、复苏消费概念、新消费、冰雪旅游概念、西部大开发、旅游
应流股份,6,AI硬件、商业航天、军工、可控核聚变、ITER概念、核污染概念
微导纳米,6,半导体设备、新质生产力、设备更新、钙钛矿电池、BC电池、光伏新技术
恒光股份,6,涨价概念、对日反制、关税战概念、小金属、出口管制概念、核污染概念
拓日新能,6,商业航天、电力、反内卷概念、光伏、硅、光伏辅材
拓普集团,6,人形机器人、智能驾驶系统、小米汽车、线控底盘、小米机器人、一体化压铸
捷成股份,6,国产芯片概念、AIGC应用、字节跳动概念、版权、动作捕捉概念、Pika概念
掌阅科技,6,Kimi智能助手、字节跳动概念、短剧产业、大模型概念、版权、服务消费概念
新宙邦,6,AI硬件、半导体材料、涨价概念、国产芯片概念、锂电池材料、比亚迪产业链
新晨科技,6,关税战概念、大金融、跨境支付、稳定币概念、低空经济、甲骨文概念
明阳智能,6,AI硬件、商业航天、电力、光伏、设备更新、出海
星网宇达,6,商业航天、军工、智能驾驶系统、卫星互联网、小米汽车、无人驾驶应用
景嘉微,6,AI硬件、国产芯片概念、关税战概念、自主可控、大基金持股、中部崛起概念
晶盛机电,6,AI硬件、商业航天、半导体设备、功率半导体、先进封装、光伏
智微智能,6,AI硬件、人形机器人、物理AI概念、DeepSeek概念、华为鸿蒙、AIPC概念
杭钢股份,6,涨价概念、地方国资、大厂算力梳理、反内卷概念、DeepSeek概念、核心城市算力
歌尔股份,6,消费电子、新质生产力、AI眼镜概念、大模型概念、华为手机产业链、MR概念
武商集团,6,地方国资、复苏消费概念、低空经济、冰雪旅游概念、首发经济、谷子经济概念
水晶光电,6,玻璃基板、商业航天、智能驾驶系统、AI眼镜概念、激光雷达、AI手机
江波龙,6,长鑫存储概念、涨价概念、长江存储概念、半导体存储器、智能驾驶系统、大基金持股
汤姆猫,6,核心城市算力、出海、字节跳动概念、大模型概念、游戏、首发经济
沃特股份,6,AI硬件、人形机器人、高速铜缆互联、5G-A、电子烟、合成生物
海兰信,6,AI硬件、商业航天、电力、军工、海洋经济、军工信息化
湖南黄金,6,涨价概念、对日反制、小金属、黄金白银、军工、出口管制概念
澜起科技,6,AI硬件、涨价概念、国产芯片概念、关税战概念、半导体存储器、自主可控
炬华科技,6,商业航天、电力、设备更新、出海、智能电网、充电桩
珀莱雅,6,复苏消费概念、麦角硫因概念、出海、中证A50成分股、线上送礼物概念、医美
百纳千成,6,关税战概念、短剧产业、游戏、影视概念、服务消费概念、文生视频概念
盛和资源,6,涨价概念、对日反制、关税战概念、小金属、稀土永磁、出口管制概念
盛天网络,6,出海、字节跳动概念、AI眼镜概念、游戏、海南VPN、谷子经济概念
盛弘股份,6,AI硬件、储能概念、出海、充电桩、换电概念、V2G概念
福斯特,6,AI硬件、商业航天、固态电池概念、光伏、光伏辅材、光伏新技术
立中集团,6,AI硬件、人形机器人、商业航天、涨价概念、锂电池材料、稀土永磁
立讯精密,6,硅光技术概念、消费电子、新质生产力、高速铜缆互联、AI眼镜概念、MR概念
精测电子,6,长鑫存储概念、玻璃基板、半导体设备、大基金持股、中部崛起概念、MR概念
翠微股份,6,国产芯片概念、稳定币概念、数字货币概念、RISC-V概念、离境退税概念、蚂蚁金服概念
翰宇药业,6,创新药进度整理、减肥药概念、出海、稳定币概念、生育概念、合成生物
聚赛龙,6,关税战概念、出口管制概念、光伏、华为问界、光伏辅材、小米机器人
聚飞光电,6,玻璃基板、光通信设备、硅光技术概念、新质生产力、智能驾驶系统、LED概念
航天电子,6,商业航天、关税战概念、军工、卫星互联网、军贸、军工信息化
航锦科技,6,AI硬件、国产芯片概念、大厂算力梳理、高速铜缆互联、腾讯AI概念、国企人工智能
通威股份,6,反内卷概念、光伏、新质生产力、硅、钙钛矿电池、光伏新技术
长光华芯,6,商业航天、光通信设备、军工、硅光技术概念、新质生产力、激光雷达
长盈精密,6,人形机器人、消费电子、AI眼镜概念、华为手机产业链、折叠屏概念、MR概念
长芯博创,6,AI硬件、光通信设备、大厂算力梳理、硅光技术概念、出海、高速铜缆互联
雷科防务,6,商业航天、军工、DeepSeek概念、核心城市算力、智能驾驶系统、AEBS概念
顺丰控股,6,关税战概念、反内卷概念、统一大市场、低空经济、港口航运、中证A50成分股
风语筑,6,人形机器人、物理AI概念、大模型概念、首发经济、空中成像、MR概念
飞荣达,6,AI硬件、人形机器人、大厂算力梳理、高速铜缆互联、AI手机、MR概念
首都在线,6,AI硬件、新质生产力、DeepSeek概念、小红书概念、核心城市算力、智谱AI概念
骄成超声,6,AI硬件、先进封装、固态电池概念、设备更新、比亚迪产业链、复合集流体
高乐股份,6,固态电池概念、生育概念、首发经济、服务消费概念、教培、谷子经济概念
高伟达,6,关税战概念、跨境支付、字节跳动概念、自主可控、稳定币概念、蚂蚁金服概念
高澜股份,6,AI硬件、大厂算力梳理、核电、腾讯AI概念、字节跳动概念、气凝胶
*ST特迅,5,可控核聚变、储能概念、比亚迪产业链、充电桩、V2G概念
*ST网达,5,AIGC应用、华为鸿蒙、Pika概念、文生视频概念、MR概念
ST南都,5,大厂算力梳理、固态电池概念、储能概念、核心城市算力、字节跳动概念
ST恒信,5,动作捕捉概念、影视概念、空中成像、谷子经济概念、MR概念
TCL科技,5,玻璃基板、消费电子、科技重组预期概念、LED概念、折叠屏概念
万兴科技,5,AIGC应用、Kimi智能助手、大模型概念、Pika概念、文生视频概念
万安科技,5,智能驾驶系统、低空经济、小米汽车、线控底盘、AEBS概念
三维通信,5,商业航天、AI营销、小红书概念、AIGC应用、字节跳动概念
东土科技,5,AI硬件、物理AI概念、关税战概念、新质生产力、智能驾驶系统
东方日升,5,商业航天、涨价概念、光伏、储能概念、光伏新技术
东方明珠,5,人形机器人、商业航天、国产芯片概念、光刻机概念、破净整理
东睦股份,5,消费电子、一体化电感、华为手机产业链、折叠屏概念、800V快充
东芯股份,5,涨价概念、国产芯片概念、半导体存储器、智能驾驶系统、大基金持股
东阳光,5,AI硬件、电力、涨价概念、锂电池材料、智元机器人
中一科技,5,AI硬件、锂电池材料、固态电池概念、比亚迪产业链、复合集流体
中亦科技,5,长鑫存储概念、关税战概念、核心城市算力、跨境支付、甲骨文概念
中京电子,5,AI硬件、智能驾驶系统、AI眼镜概念、LED概念、IC载板
中兵红箭,5,关税战概念、军工、出口管制概念、中字头概念、国企重组合并
中国化学,5,涨价概念、中字头概念、破净整理、气凝胶、沙特合作概念
中国电信,5,DeepSeek概念、国企人工智能、中字头概念、RISC-V概念、数字政务
中国联通,5,消费电子、量子信息、中字头概念、中证A50成分股、数字政务
中国西电,5,电力、出海、智能电网、中字头概念、国企重组合并
中巨芯,5,半导体材料、长鑫存储概念、国产芯片概念、光刻机概念、大基金持股
中科信息,5,玻璃基板、并购重组预期概念、新质生产力、国企人工智能、中字头概念
中简科技,5,商业航天、涨价概念、军工、碳纤维、大飞机
中航高科,5,商业航天、涨价概念、军工、碳纤维、大飞机
中贝通信,5,AI硬件、商业航天、光通信设备、核心城市算力、沙特合作概念
中超控股,5,商业航天、军工、核电、外骨骼机器人、海洋经济
中金岭南,5,涨价概念、磷化铟概念、对日反制、小金属、出口管制概念
中际旭创,5,AI硬件、光通信设备、硅光技术概念、新质生产力、出海
乾照光电,5,商业航天、磷化铟概念、并购重组预期概念、海峡两岸、LED概念
云天化,5,半导体材料、涨价概念、磷化工、共聚聚甲醛、化肥
亚玛顿,5,电力、反内卷概念、光伏、钙钛矿电池、光伏辅材
亨通光电,5,AI硬件、光通信设备、光纤、出海、海洋经济
京北方,5,大金融、跨境支付、华为鸿蒙、稳定币概念、数字政务
京华激光,5,半导体设备、光刻机概念、新消费、首发经济、谷子经济概念
京泉华,5,AI硬件、电力、华为液冷快充、华为储能、800V快充
京运通,5,电力、半导体设备、功率半导体、稀土永磁、光伏
亿道信息,5,AIPC概念、AI眼镜概念、数字货币概念、空中成像、MR概念
佰维存储,5,涨价概念、半导体存储器、AI眼镜概念、大基金持股、小米发布会
佳缘科技,5,商业航天、自主可控、卫星互联网、量子信息、汽车芯片
保利发展,5,地产链、高股息、银发经济、破净整理、汇金证金持股
信科移动,5,商业航天、核心城市算力、低空经济、卫星互联网、5G-A
信雅达,5,商业航天、跨境支付、Pika概念、文生视频概念、线上送礼物概念
兆龙互连,5,AI硬件、大厂算力梳理、新质生产力、出海、高速铜缆互联
先导基电,5,半导体设备、新质生产力、设备更新、科技重组预期概念、大基金持股
光力科技,5,玻璃基板、半导体设备、HBM存储、先进封装、中部崛起概念
光庭信息,5,华为鸿蒙、智能驾驶系统、华为问界、汽车芯片、车路云一体化
兰生股份,5,人形机器人、商业航天、地方国资、并购重组预期概念、首发经济
兴业银锡,5,涨价概念、关税战概念、小金属、黄金白银、出口管制概念
冰山冷热,5,统一大市场、冰雪旅游概念、远东大开发、京东概念、磁悬浮压缩机
冰轮环境,5,AI硬件、海峡两岸、氢能源、MCP概念、磁悬浮压缩机
凡拓数创,5,物理AI概念、首发经济、空中成像、文生视频概念、MR概念
凤凰航运,5,关税战概念、并购重组预期概念、科技重组预期概念、港口航运、中部崛起概念
利民股份,5,涨价概念、固态电池概念、炭疽概念、农药、合成生物
华东重机,5,国产芯片概念、关税战概念、工业母机、设备更新、科技重组预期概念
华伍股份,5,商业航天、军工、设备更新、风电、军贸
华依科技,5,人形机器人、设备更新、华为鸿蒙、智能驾驶系统、新能车检概念
华正新材,5,半导体材料、涨价概念、固态电池概念、IC载板、5G-A
华测检测,5,关税战概念、设备更新、低空经济、食品安全、新能车检概念
华电科工,5,AI硬件、电力、关税战概念、储能概念、氢能源
华阳股份,5,涨价概念、反内卷概念、储能概念、破净整理、中部崛起概念
南山铝业,5,锂电池材料、关税战概念、金属铝概念、破净整理、大飞机
博杰股份,5,AI硬件、磷化铟概念、工业母机、英伟达概念、MR概念
厦门国贸,5,地方国资、海峡两岸、统一大市场、券商重组预期、高股息
双鹭药业,5,创新药进度整理、减肥药概念、NMN概念、生育概念、医美
合盛硅业,5,涨价概念、功率半导体、反内卷概念、光伏、硅
合锻智能,5,AI硬件、工业母机、可控核聚变、拆解回收概念、中部崛起概念
同益中,5,人形机器人、商业航天、关税战概念、军工、出口管制概念
和而泰,5,功率半导体、国产芯片概念、军工、卫星互联网、军工信息化
和远气体,5,半导体材料、国产芯片概念、对日反制、光刻机概念、设备更新
和邦生物,5,磷化工、黄金白银、金属铜、农药、破净整理
四方精创,5,关税战概念、大金融、跨境支付、稳定币概念、华为甄选与支付
国投智能,5,智能驾驶系统、Kimi智能助手、国企人工智能、数据要素、数字政务
国星光电,5,地方国资、Micro(硅基)OLED、AI眼镜概念、华为问界、LED概念
国机精工,5,商业航天、关税战概念、工业母机、出口管制概念、中部崛起概念
国睿科技,5,商业航天、并购重组预期概念、军工、低空经济、军工信息化
国轩高科,5,锂矿、反内卷概念、固态电池概念、储能概念、低空经济
城地香江,5,AI硬件、并购重组预期概念、大厂算力梳理、核心城市算力、字节跳动概念
天下秀,5,AI营销、小红书概念、字节跳动概念、短剧产业、首发经济
天华新能,5,半导体设备、锂电池材料、锂矿、反内卷概念、固态电池概念
天和防务,5,AI硬件、玻璃基板、IC载板、军贸、军工信息化
天孚通信,5,AI硬件、光通信设备、新质生产力、出海、激光雷达
天府文旅,5,关税战概念、并购重组预期概念、低空经济、冰雪旅游概念、旅游
天承科技,5,AI硬件、玻璃基板、国产芯片概念、HBM存储、先进封装
奥来德,5,半导体材料、Micro(硅基)OLED、钙钛矿电池、折叠屏概念、MR概念
奥特维,5,商业航天、先进封装、光伏、BC电池、光伏新技术
宁波建工,5,AI硬件、地方国资、核心城市算力、腾讯AI概念、海南VPN
宇信科技,5,腾讯AI概念、智谱AI概念、自主可控、稳定币概念、大模型概念
宇瞳光学,5,智能驾驶系统、AI眼镜概念、比亚迪产业链、车路云一体化、影石全景相机
安洁科技,5,消费电子、新质生产力、华为手机产业链、冷锻工艺概念、MR概念
安硕信息,5,关税战概念、核心城市算力、华为鸿蒙、腾讯AI概念、自主可控
安诺其,5,涨价概念、并购重组预期概念、核心城市算力、海洋经济、文生视频概念
宝光股份,5,半导体材料、电力、国产芯片概念、并购重组预期概念、国企重组合并
容大感光,5,半导体材料、涨价概念、国产芯片概念、对日反制、Micro(硅基)OLED
富瀚微,5,AI眼镜概念、AI视觉、比亚迪产业链、汽车芯片、RISC-V概念
帝尔激光,5,玻璃基板、光伏、钙钛矿电池、BC电池、光伏新技术
帝科股份,5,商业航天、半导体存储器、光伏、光伏辅材、光伏新技术
平高电气,5,电力、储能概念、出海、智能电网、国企重组合并
广博股份,5,新消费、首发经济、服务消费概念、跨境电商、谷子经济概念
广和通,5,商业航天、DeepSeek概念、稳定币概念、比亚迪产业链、5G-A
康达新材,5,涨价概念、高速铜缆互联、风电、海洋经济、碳纤维
彤程新材,5,半导体材料、长鑫存储概念、国产芯片概念、对日反制、轮胎
徐家汇,5,地方国资、复苏消费概念、新消费、离境退税概念、谷子经济概念
德明利,5,长鑫存储概念、涨价概念、光通信设备、半导体存储器、RISC-V概念
德迈仕,5,人形机器人、华为鸿蒙、华为问界、小米汽车、小米机器人
德龙激光,5,玻璃基板、功率半导体、固态电池概念、钙钛矿电池、BC电池
恒星科技,5,涨价概念、光伏、硅、核电、西藏水电概念
恒辉安防,5,人形机器人、商业航天、关税战概念、出口管制概念、出海
意华股份,5,光伏、出海、高速铜缆互联、5G-A、光伏辅材
拓荆科技,5,长鑫存储概念、半导体设备、HBM存储、先进封装、大基金持股
振江股份,5,光伏、出海、外骨骼机器人、光伏辅材、沙特合作概念
捷佳伟创,5,玻璃基板、光伏、设备更新、钙钛矿电池、光伏新技术
数据港,5,AI硬件、国产芯片概念、大厂算力梳理、核心城市算力、腾讯AI概念
新世界,5,地方国资、复苏消费概念、新消费、离境退税概念、谷子经济概念
新安股份,5,AI硬件、人形机器人、涨价概念、光纤、硅
新易盛,5,AI硬件、光通信设备、硅光技术概念、新质生产力、出海
新莱应材,5,长鑫存储概念、半导体设备、关税战概念、光刻机概念、长江存储概念
方大炭素,5,功率半导体、锂电池材料、光纤、可控核聚变、固态电池概念
旋极信息,5,AI硬件、商业航天、军工、核心城市算力、数字政务
旗天科技,5,核心城市算力、字节跳动概念、科技重组预期概念、数字货币概念、黑神话悟空概念
昊志机电,5,AI硬件、人形机器人、商业航天、优必选机器人、工业母机
星星科技,5,消费电子、AI眼镜概念、华为手机产业链、折叠屏概念、充电宝概念
星辉娱乐,5,乙游概念、出海、游戏、首发经济、谷子经济概念
智度股份,5,AI营销、字节跳动概念、数字货币概念、跨境电商、华为甄选与支付
朗姿股份,5,关税战概念、复苏消费概念、新消费、生育概念、医美
朗科科技,5,地方国资、半导体存储器、核心城市算力、国企人工智能、RISC-V概念
杉杉股份,5,涨价概念、锂电池材料、出口管制概念、固态电池概念、破净整理
梅雁吉祥,5,电力、涨价概念、小金属、黄金白银、出口管制概念
楚天龙,5,大金融、稳定币概念、大模型概念、数字货币概念、华为甄选与支付
横店影视,5,关税战概念、短剧产业、影视概念、服务消费概念、谷子经济概念
欣旺达,5,人形机器人、固态电池概念、华为手机产业链、换电概念、MR概念
正泰电器,5,电力、光伏、储能概念、出海、智能电网
汇川技术,5,人形机器人、储能概念、新质生产力、氢能源、中证A50成分股
江苏神通,5,AI硬件、可控核聚变、核电、氢能源、ITER概念
沃尔核材,5,AI硬件、可控核聚变、高速铜缆互联、核电、充电桩
浙大网新,5,国产芯片概念、大厂算力梳理、核心城市算力、AI低代码概念、蚂蚁金服概念
浙文互联,5,AI营销、地方国资、AIGC应用、腾讯AI概念、字节跳动概念
海南瑞泽,5,海南封关概念、化债概念、地产链、服务消费概念、海南VPN
海南高速,5,地方国资、海南封关概念、地产链、海南VPN、离境退税概念
海天瑞声,5,新质生产力、腾讯AI概念、字节跳动概念、大模型概念、数据要素
海康威视,5,智能驾驶系统、国企人工智能、数据要素、车路云一体化、中证A50成分股
海格通信,5,商业航天、军工、低空经济、卫星互联网、军工信息化
海特高新,5,商业航天、磷化铟概念、功率半导体、低空经济、大飞机
海联金汇,5,关税战概念、跨境支付、稳定币概念、华为问界、数字货币概念
润建股份,5,电力、大厂算力梳理、DeepSeek概念、腾讯AI概念、MR概念
深科达,5,半导体设备、Micro(硅基)OLED、AI眼镜概念、小米发布会、MR概念
湖南裕能,5,涨价概念、锂电池材料、磷化工、固态电池概念、比亚迪产业链
潍柴动力,5,物理AI概念、新质生产力、出海、RISC-V概念、AEBS概念
白银有色,5,锂电池材料、黄金白银、可控核聚变、出口管制概念、金属铜
睿创微纳,5,商业航天、军工、新质生产力、智能驾驶系统、AI视觉
神州泰岳,5,AIGC应用、核心城市算力、出海、游戏、Pika概念
福瑞达,5,复苏消费概念、麦角硫因概念、出海、线上送礼物概念、医美
科隆股份,5,半导体材料、锂电池材料、核电、氢能源、西藏水电概念
立昂技术,5,大厂算力梳理、DeepSeek概念、字节跳动概念、数字政务、沙特合作概念
章源钨业,5,涨价概念、对日反制、小金属、军工、出口管制概念
精智达,5,长鑫存储概念、半导体设备、HBM存储、半导体存储器、Micro(硅基)OLED
精达股份,5,可控核聚变、高速铜缆互联、比亚迪产业链、ITER概念、800V快充
红星发展,5,AI硬件、玻璃基板、涨价概念、锂电池材料、小金属
经纬恒润,5,物理AI概念、智能驾驶系统、华为问界、线控底盘、车路云一体化
网宿科技,5,大厂算力梳理、DeepSeek概念、出海、字节跳动概念、MCP概念
美利云,5,AI硬件、电力、并购重组预期概念、大厂算力梳理、国企人工智能
翔丰华,5,锂电池材料、出口管制概念、固态电池概念、储能概念、比亚迪产业链
翔鹭钨业,5,涨价概念、对日反制、小金属、军工、金属铜
胜蓝股份,5,AI硬件、优必选机器人、高速铜缆互联、低空经济、电子烟
航天电器,5,商业航天、军工、国企人工智能、卫星互联网、华为液冷快充
苏州高新,5,人形机器人、长鑫存储概念、商业航天、硅光技术概念、地产链
英威腾,5,AI硬件、稀土永磁、核心城市算力、充电桩、磁悬浮压缩机
英联股份,5,锂电池材料、固态电池概念、复合集流体、外卖概念、充电宝概念
蓝晓科技,5,减肥药概念、反内卷概念、出口管制概念、麦角硫因概念、设备更新
西域旅游,5,复苏消费概念、低空经济、服务消费概念、黑神话悟空概念、西部大开发
西安饮食,5,复苏消费概念、新消费、首发经济、服务消费概念、旅游
诚迈科技,5,关税战概念、英伟达概念、华为鸿蒙、自主可控、AI手机
诺德股份,5,AI硬件、锂电池材料、固态电池概念、比亚迪产业链、复合集流体
豪能股份,5,人形机器人、商业航天、小米汽车、比亚迪产业链、小米机器人
贝因美,5,关税战概念、复苏消费概念、生育概念、宠物经济、线上送礼物概念
赢合科技,5,锂电池材料、地方国资、并购重组预期概念、固态电池概念、电子烟
超讯科技,5,国产芯片概念、并购重组预期概念、DeepSeek概念、AIGC应用、Kimi智能助手
辽港股份,5,关税战概念、统一大市场、港口航运、远东大开发、破净整理
通合科技,5,AI硬件、军工、充电桩、换电概念、V2G概念
通富微电,5,AI硬件、玻璃基板、HBM存储、扇出型封装、大基金持股
遥望科技,5,小红书概念、字节跳动概念、短剧产业、首发经济、服务消费概念
金信诺,5,AI硬件、商业航天、光纤、大厂算力梳理、高速铜缆互联
金宏气体,5,半导体材料、长鑫存储概念、国产芯片概念、对日反制、光刻机概念
金晶科技,5,反内卷概念、光伏、钙钛矿电池、光伏辅材、光伏新技术
金盘科技,5,AI硬件、海南封关概念、储能概念、出海、西藏水电概念
金达威,5,涨价概念、麦角硫因概念、NMN概念、维生素、医美
金陵饭店,5,复苏消费概念、首发经济、服务消费概念、银发经济、旅游
金龙汽车,5,地方国资、海峡两岸、出海、无人驾驶应用、无人车辆
银宝山新,5,并购重组预期概念、化债概念、设备更新、比亚迪产业链、国企重组合并
锦江酒店,5,地方国资、复苏消费概念、中证A50成分股、服务消费概念、旅游
长亮科技,5,关税战概念、跨境支付、腾讯AI概念、自主可控、稳定币概念
长飞光纤,5,AI硬件、光通信设备、光纤、大厂算力梳理、高速铜缆互联
雅创电子,5,AI硬件、长鑫存储概念、智能驾驶系统、小米汽车、汽车芯片
雅戈尔,5,复苏消费概念、高股息、银发经济、破净整理、线上送礼物概念
青岛金王,5,关税战概念、化债概念、跨境支付、稳定币概念、跨境电商
顺网科技,5,DeepSeek概念、AI眼镜概念、游戏、服务消费概念、黑神话悟空概念
高德红外,5,商业航天、军工、智能驾驶系统、AI视觉、军贸
鸿远电子,5,AI硬件、商业航天、军工、卫星互联网、军工信息化
鹿山新材,5,商业航天、锂电池材料、固态电池概念、光伏、光伏辅材
龙溪股份,5,人形机器人、商业航天、地方国资、海峡两岸、智元机器人
龙蟠科技,5,AI硬件、涨价概念、锂电池材料、磷化工、固态电池概念
*ST启环,4,破净整理、无人车辆、拆解回收概念、韧性城市概念
*ST易录,4,并购重组预期概念、数据要素、银发经济、数字政务
*ST航图,4,商业航天、低空经济、卫星互联网、军工信息化
ST华谊,4,关税战概念、影视概念、服务消费概念、黑神话悟空概念
ST汇洲,4,小红书概念、核心城市算力、字节跳动概念、超聚变
ST荃银,4,关税战概念、并购重组预期概念、科技重组预期概念、中部崛起概念
XD海螺水,4,反内卷概念、西藏水电概念、破净整理、汇金证金持股
三七互娱,4,乙游概念、出海、智谱AI概念、游戏
三变科技,4,AI硬件、电力、地方国资、智能电网
三孚新科,4,AI硬件、玻璃基板、固态电池概念、复合集流体
上海九百,4,地方国资、并购重组预期概念、复苏消费概念、离境退税概念
上海建科,4,地方国资、核心城市算力、房屋养老金概念、韧性城市概念
上海机场,4,地方国资、中证A50成分股、离境退税概念、汇金证金持股
上海瀚讯,4,商业航天、物理AI概念、卫星互联网、军工信息化
东威科技,4,AI硬件、玻璃基板、设备更新、复合集流体
东方电子,4,电力、智能电网、充电桩、沙特合作概念
东方锆业,4,对日反制、小金属、稀土永磁、固态电池概念
东材科技,4,AI硬件、半导体材料、HBM存储、复合集流体
东百集团,4,关税战概念、复苏消费概念、海峡两岸、离境退税概念
中交设计,4,低空经济、西藏水电概念、车路云一体化、西部大开发
中国卫通,4,商业航天、卫星互联网、中字头概念、军工信息化
中国能建,4,电力、储能概念、智能电网、破净整理
中国铁建,4,中字头概念、破净整理、汇金证金持股、沙特合作概念
中国铝业,4,对日反制、稀土永磁、金属铝概念、大飞机
中山公用,4,长鑫存储概念、商业航天、国产芯片概念、地方国资
中文传媒,4,国产芯片概念、乙游概念、游戏、跨境电商
中瓷电子,4,AI硬件、关税战概念、国企人工智能、卫星互联网
中百集团,4,关税战概念、复苏消费概念、字节跳动概念、首发经济
中科星图,4,商业航天、并购重组预期概念、低空经济、卫星互联网
中科电气,4,锂电池材料、出口管制概念、固态电池概念、比亚迪产业链
中科蓝讯,4,国产芯片概念、消费电子、AI眼镜概念、RISC-V概念
中稀有色,4,涨价概念、对日反制、稀土永磁、出口管制概念
中航机载,4,商业航天、军工、低空经济、军贸
中衡设计,4,商业航天、地产链、稳定币概念、低空经济
中远海科,4,核心城市算力、统一大市场、稳定币概念、中字头概念
中钢天源,4,锂电池材料、小金属、稀土永磁、西藏水电概念
中闽能源,4,电力、地方国资、储能概念、海峡两岸
久吾高科,4,锂电池材料、并购重组预期概念、稀土永磁、反内卷概念
九洲集团,4,AI硬件、电力、智能电网、风电
二六三,4,AIGC应用、核心城市算力、海南VPN、文生视频概念
云从科技,4,AI硬件、物理AI概念、新质生产力、大模型概念
亚太股份,4,智能驾驶系统、线控底盘、车路云一体化、AEBS概念
仕佳光子,4,商业航天、光纤、硅光技术概念、新质生产力
众合科技,4,半导体材料、磷化铟概念、国产芯片概念、AEBS概念
众生药业,4,创新药进度整理、减肥药概念、NMN概念、生育概念
会畅科技,4,AI视觉、空中成像、文生视频概念、华为甄选与支付
伟时电子,4,智能驾驶系统、LED概念、首发经济、空中成像
佳创视讯,4,新质生产力、Pika概念、空中成像、MR概念
佳禾智能,4,消费电子、储能概念、AI眼镜概念、MR概念
保税科技,4,统一大市场、稳定币概念、港口航运、数字货币概念
保隆科技,4,智能驾驶系统、小米汽车、比亚迪产业链、线控底盘
信息发展,4,数据要素、车路云一体化、食品安全、AEBS概念
信维通信,4,AI硬件、消费电子、华为手机产业链、MR概念
兆威机电,4,人形机器人、比亚迪产业链、小米机器人、MR概念
光华科技,4,AI硬件、玻璃基板、国产芯片概念、固态电池概念
光大同创,4,消费电子、外骨骼机器人、AIPC概念、碳纤维
光弘科技,4,消费电子、储能概念、智能驾驶系统、小米汽车
光智科技,4,并购重组预期概念、智能驾驶系统、科技重组预期概念、远东大开发
光线传媒,4,关税战概念、影视概念、服务消费概念、文生视频概念
光莆股份,4,硅光技术概念、复合集流体、银发经济、医美
兖矿能源,4,小金属、反内卷概念、高股息、共聚聚甲醛
兰石重装,4,可控核聚变、核电、氢能源、核污染概念
兰花科创,4,反内卷概念、煤炭概念、中部崛起概念、化肥
兴业证券,4,地方国资、海峡两岸、破净整理、汇金证金持股
养元饮品,4,关税战概念、复苏消费概念、高股息、线上送礼物概念
凌钢股份,4,涨价概念、反内卷概念、远东大开发、破净整理
凯众股份,4,智能驾驶系统、低空经济、小米汽车、线控底盘
凯撒旅业,4,海南封关概念、海峡两岸、京东概念、离境退税概念
凯盛新能,4,玻璃基板、反内卷概念、光伏、光伏辅材
创业黑马,4,核心城市算力、智谱AI概念、大模型概念、教培
动力新科,4,涨价概念、核心城市算力、汽车芯片、农机概念
动力源,4,AI硬件、大厂算力梳理、充电桩、V2G概念
包钢股份,4,涨价概念、关税战概念、稀土永磁、反内卷概念
北斗星通,4,商业航天、车路云一体化、大基金持股、军工信息化
北玻股份,4,反内卷概念、光伏、光伏辅材、沙特合作概念
华丰科技,4,商业航天、高速铜缆互联、国企人工智能、华为海思概念
华力创通,4,商业航天、军工、低空经济、卫星互联网
华培动力,4,人形机器人、智能驾驶系统、腾讯AI概念、汽车芯片
华海清科,4,长鑫存储概念、半导体设备、先进封装、长江存储概念
华熙生物,4,复苏消费概念、麦角硫因概念、合成生物、医美
华胜天成,4,大厂算力梳理、DeepSeek概念、腾讯AI概念、数字政务
华虹宏力,4,涨价概念、国产芯片概念、地方国资、大基金持股
华西股份,4,关税战概念、硅光技术概念、新质生产力、国企人工智能
华辰装备,4,人形机器人、关税战概念、新质生产力、设备更新
华锡有色,4,涨价概念、磷化铟概念、小金属、出口管制概念
协鑫集成,4,商业航天、电力、光伏、光伏新技术
南京商旅,4,复苏消费概念、银发经济、跨境电商、旅游
南京熊猫,4,玻璃基板、商业航天、军工、新质生产力
南威软件,4,DeepSeek概念、智谱AI概念、自主可控、数字政务
南方传媒,4,人形机器人、国产芯片概念、地方国资、长江存储概念
博云新材,4,商业航天、出口管制概念、西藏水电概念、碳纤维
博瑞传播,4,AI营销、国企人工智能、游戏、教培
卫宁健康,4,稳定币概念、大模型概念、服务消费概念、SPD医疗供应链
厦钨新能,4,涨价概念、锂电池材料、地方国资、固态电池概念
厦门港务,4,关税战概念、地方国资、海峡两岸、统一大市场
厦门象屿,4,地方国资、海峡两岸、高股息、港口航运
友阿股份,4,并购重组预期概念、复苏消费概念、NMN概念、小米机器人
双星新材,4,AI硬件、光伏、复合集流体、光伏辅材
双杰电气,4,电力、设备更新、华为储能、V2G概念
双良节能,4,光伏、氢能源、光伏辅材、共聚聚甲醛
合百集团,4,长鑫存储概念、复苏消费概念、新消费、京东概念
合肥城建,4,长鑫存储概念、地产链、稳定币概念、蚂蚁金服概念
同庆楼,4,复苏消费概念、首发经济、服务消费概念、旅游
同有科技,4,长鑫存储概念、国产芯片概念、并购重组预期概念、数据要素
君正集团,4,统一大市场、稳定币概念、高股息、蚂蚁金服概念
吴通控股,4,智能驾驶系统、字节跳动概念、低空经济、5G-A
和林微纳,4,半导体设备、新质生产力、设备更新、MR概念
品渥食品,4,关税战概念、复苏消费概念、新消费、线上送礼物概念
嘉必优,4,麦角硫因概念、生育概念、宠物经济、合成生物
回天新材,4,AI硬件、固态电池概念、光伏、光伏辅材
国光电器,4,AI硬件、消费电子、AI眼镜概念、华为问界
国光电气,4,军工、可控核聚变、卫星互联网、ITER概念
国民技术,4,AI硬件、锂电池材料、自主可控、汽车芯片
国泰海通,4,商业航天、关税战概念、国企重组合并、破净整理
圣元环保,4,长鑫存储概念、国产芯片概念、氢能源、新消费
均胜电子,4,人形机器人、智能驾驶系统、汽车芯片、车路云一体化
多伦科技,4,人形机器人、无人驾驶应用、车路云一体化、新能车检概念
大东南,4,地方国资、固态电池概念、光伏、复合集流体
大商股份,4,复苏消费概念、冰雪旅游概念、首发经济、远东大开发
大富科技,4,华为手机产业链、5G-A、空中成像、中部崛起概念
大秦铁路,4,高股息、破净整理、汇金证金持股、中部崛起概念
大金重工,4,关税战概念、设备更新、出海、远东大开发
天奇股份,4,人形机器人、小金属、优必选机器人、拆解回收概念
天奥电子,4,商业航天、关税战概念、军工、卫星互联网
天银机电,4,商业航天、军工、卫星互联网、军工信息化
天际股份,4,涨价概念、锂电池材料、固态电池概念、比亚迪产业链
天齐锂业,4,锂电池材料、锂矿、反内卷概念、固态电池概念
太阳电缆,4,军工、可控核聚变、海峡两岸、海洋经济
奇安信,4,关税战概念、自主可控、数据要素、数字政务
奔图科技,4,国产芯片概念、半导体存储器、SRAM存储概念、RISC-V概念
奥佳华,4,复苏消费概念、出海、服务消费概念、银发经济
好想你,4,关税战概念、复苏消费概念、小红书概念、线上送礼物概念
姚记科技,4,小红书概念、游戏、服务消费概念、谷子经济概念
孩子王,4,生育概念、服务消费概念、Pika概念、线上送礼物概念
宇邦新材,4,光伏、BC电池、光伏辅材、光伏新技术
安克创新,4,储能概念、京东概念、跨境电商、充电宝概念
完美世界,4,游戏、影视概念、服务消费概念、谷子经济概念
宏昌电子,4,AI硬件、半导体材料、HBM存储、IC载板
宏景科技,4,腾讯AI概念、AI眼镜概念、数字政务、MR概念
宏柏新材,4,涨价概念、光纤、硅、气凝胶
宏达电子,4,AI硬件、军工、海洋经济、军工信息化
宜安科技,4,AI硬件、稀土永磁、消费电子、折叠屏概念
宝武镁业,4,商业航天、氢能源、华为问界、小米发布会
宝通科技,4,人形机器人、物理AI概念、出海、游戏
宝钛股份,4,商业航天、小金属、军工、大飞机
实益达,4,人形机器人、半导体设备、LED概念、线上送礼物概念
宣亚国际,4,AI营销、小红书概念、字节跳动概念、短剧产业
寒武纪,4,国产芯片概念、新质生产力、智能驾驶系统、自主可控
川润股份,4,AI硬件、大厂算力梳理、设备更新、华为海思概念
川能动力,4,电力、锂电池材料、锂矿、反内卷概念
工业富联,4,AI硬件、英伟达概念、甲骨文概念、MR概念
巨力索具,4,商业航天、军工、光伏、海洋经济
市北高新,4,人形机器人、国产芯片概念、地方国资、首发经济
平治信息,4,国产芯片概念、大厂算力梳理、智谱AI概念、短剧产业
广钢气体,4,半导体材料、长鑫存储概念、光刻机概念、设备更新
建发股份,4,地方国资、海峡两岸、高股息、破净整理
建设工业,4,军工、冷锻工艺概念、国企重组合并、军贸
开创国际,4,地方国资、并购重组预期概念、预制菜、海洋经济
开开实业,4,地方国资、并购重组预期概念、首发经济、SPD医疗供应链
引力传媒,4,AI营销、小红书概念、字节跳动概念、短剧产业
强瑞技术,4,人形机器人、半导体设备、大厂算力梳理、小米机器人
当升科技,4,涨价概念、锂电池材料、固态电池概念、比亚迪产业链
德展健康,4,创新药进度整理、NMN概念、合成生物、再生医学
德恩精工,4,商业航天、工业母机、新质生产力、设备更新
德方纳米,4,涨价概念、锂电池材料、磷化工、比亚迪产业链
德赛电池,4,储能概念、AI眼镜概念、华为手机产业链、MR概念
德邦科技,4,AI硬件、半导体材料、先进封装、大基金持股
快克智能,4,AI硬件、半导体设备、HBM存储、先进封装
恒为科技,4,AI硬件、DeepSeek概念、核心城市算力、数据要素
恒力石化,4,涨价概念、反内卷概念、远东大开发、沙特合作概念
恒华科技,4,电力、智能电网、空中成像、AI低代码概念
恒宝股份,4,大金融、消费电子、数字货币概念、华为甄选与支付
恒生电子,4,AI营销、稳定币概念、大模型概念、蚂蚁金服概念
恒邦股份,4,涨价概念、小金属、黄金白银、金属铜
恒锋信息,4,自主可控、银发经济、数字政务、MCP概念
抚顺特钢,4,商业航天、军工、远东大开发、大飞机
拉卡拉,4,大金融、跨境支付、券商重组预期、稳定币概念
招标股份,4,商业航天、地方国资、车路云一体化、房屋养老金概念
振华科技,4,AI硬件、商业航天、军工、复合集流体
振华风光,4,AI硬件、商业航天、关税战概念、军工
掌趣科技,4,出海、稳定币概念、新消费、游戏
数码视讯,4,AIGC应用、跨境支付、Pika概念、文生视频概念
新乳业,4,关税战概念、复苏消费概念、生育概念、线上送礼物概念
新华都,4,AI营销、海峡两岸、外卖概念、离境退税概念
新和成,4,维生素、生育概念、电子烟、合成生物
新洁能,4,人形机器人、功率半导体、比亚迪产业链、汽车芯片
新特电气,4,AI硬件、电力、设备更新、海洋经济
方邦股份,4,AI硬件、稀土永磁、高速铜缆互联、复合集流体
昇辉科技,4,电力、可控核聚变、新质生产力、氢能源
星宸科技,4,AI眼镜概念、AI视觉、汽车芯片、车路云一体化
星源材质,4,锂电池材料、固态电池概念、比亚迪产业链、充电宝概念
昱能科技,4,光伏、储能概念、设备更新、出海
普天科技,4,商业航天、军工、卫星互联网、军工信息化
晶晨股份,4,消费电子、AI眼镜概念、RISC-V概念、MR概念
晶澳科技,4,光伏、设备更新、硅、光伏新技术
晶科能源,4,光伏、硅、光伏新技术、沙特合作概念
智光电气,4,AI硬件、电力、并购重组预期概念、储能概念
智立方,4,AI硬件、AI眼镜概念、华为海思概念、MR概念
曼恩斯特,4,人形机器人、光伏、光伏新技术、扇出型封装
朗新科技,4,电力、稳定币概念、蚂蚁金服概念、沙特合作概念
朗迪集团,4,长鑫存储概念、光刻机概念、并购重组预期概念、空中成像
杭氧股份,4,商业航天、地方国资、储能概念、设备更新
林洋能源,4,电力、智能电网、华为储能、沙特合作概念
果麦文化,4,AIGC应用、影视概念、教培、文生视频概念
柯力传感,4,人形机器人、新质生产力、核心城市算力、智元机器人
格林美,4,涨价概念、锂电池材料、稀土永磁、拆解回收概念
模塑科技,4,人形机器人、华为问界、小米汽车、小米机器人
横店东磁,4,电力、稀土永磁、光伏、光伏新技术
每日互动,4,字节跳动概念、AI手机、数据要素、MR概念
水羊股份,4,复苏消费概念、出海、线上送礼物概念、医美
永太科技,4,AI硬件、涨价概念、锂电池材料、磷化工
永安行,4,氢能源、无人驾驶应用、SRAM存储概念、蚂蚁金服概念
永泰能源,4,电力、储能概念、金属铝概念、破净整理
永贵电器,4,华为储能、800V快充、充电桩、换电概念
汇顶科技,4,国产芯片概念、消费电子、华为手机产业链、汽车芯片
汉得信息,4,核心城市算力、字节跳动概念、甲骨文概念、MCP概念
江铃汽车,4,设备更新、氢能源、无人驾驶应用、中部崛起概念
泰豪科技,4,AI硬件、涨价概念、并购重组预期概念、军工
洲明科技,4,玻璃基板、LED概念、动作捕捉概念、服务消费概念
派克新材,4,AI硬件、商业航天、可控核聚变、海洋经济
浙江东方,4,人形机器人、地方国资、化债概念、量子信息
浙版传媒,4,地方国资、AI眼镜概念、游戏、黑神话悟空概念
海南华铁,4,DeepSeek概念、稳定币概念、西藏水电概念、海南VPN
海汽集团,4,海南封关概念、海南VPN、离境退税概念、旅游
海目星,4,玻璃基板、光伏、BC电池、光伏新技术
海翔药业,4,商业航天、创新药进度整理、涨价概念、减肥药概念
海通发展,4,关税战概念、海峡两岸、统一大市场、港口航运
润泽科技,4,AI硬件、大厂算力梳理、字节跳动概念、数据要素
深圳新星,4,半导体材料、商业航天、涨价概念、锂电池材料
深天马A,4,玻璃基板、消费电子、LED概念、折叠屏概念
清溢光电,4,半导体材料、对日反制、光刻机概念、Micro(硅基)OLED
湖北宜化,4,涨价概念、磷化工、地方国资、化肥
湘潭电化,4,涨价概念、锂电池材料、小金属、固态电池概念
源杰科技,4,光通信设备、硅光技术概念、新质生产力、激光雷达
滨化股份,4,半导体材料、电力、涨价概念、氢能源
漱玉平民,4,海峡两岸、中药、银发经济、医美
潞安环能,4,反内卷概念、煤炭概念、破净整理、中部崛起概念
灿勤科技,4,AI硬件、华为手机产业链、5G-A、大基金持股
炬光科技,4,AI硬件、光刻机概念、激光雷达、MR概念
炬芯科技,4,消费电子、AI眼镜概念、AI视觉、SRAM存储概念
烽火电子,4,商业航天、军工、低空经济、军工信息化
燕塘乳业,4,关税战概念、复苏消费概念、统一大市场、生育概念
爱施德,4,消费电子、新消费、电子烟、外卖概念
爱美客,4,关税战概念、减肥药概念、复苏消费概念、医美
片仔癀,4,地方国资、中药、中证A50成分股、离境退税概念
物产金轮,4,地方国资、并购重组预期概念、AIGC应用、AI眼镜概念
特力A,4,地方国资、黄金白银、地产链、新消费
特锐德,4,电力、华为液冷快充、充电桩、V2G概念
珠海港,4,关税战概念、地方国资、统一大市场、港口航运
璞泰来,4,锂电池材料、出口管制概念、固态电池概念、复合集流体
电广传媒,4,人形机器人、商业航天、外骨骼机器人、智谱AI概念
电科数字,4,AI硬件、光刻机概念、军工、数字政务
电科芯片,4,商业航天、国产芯片概念、关税战概念、卫星互联网
电连技术,4,智能驾驶系统、比亚迪产业链、华为手机产业链、800V快充
百利电气,4,电力、可控核聚变、核电、ITER概念
益民集团,4,关税战概念、地方国资、并购重组预期概念、首发经济
盛美上海,4,玻璃基板、半导体设备、HBM存储、先进封装
盛路通信,4,商业航天、卫星互联网、5G-A、军工信息化
盛通股份,4,人形机器人、优必选机器人、腾讯AI概念、教培
盟升电子,4,商业航天、军工、卫星互联网、军工信息化
省广集团,4,AI营销、小红书概念、字节跳动概念、大模型概念
矩子科技,4,AI硬件、玻璃基板、商业航天、半导体设备
石英股份,4,关税战概念、光纤、光伏、光伏辅材
神州信息,4,大金融、稳定币概念、量子信息、海南VPN
科力尔,4,人形机器人、新质生产力、设备更新、中部崛起概念
科力远,4,固态电池概念、稳定币概念、中部崛起概念、充电宝概念
科森科技,4,消费电子、固态电池概念、折叠屏概念、电子烟
科瑞技术,4,半导体设备、消费电子、低空经济、MR概念
秦川机床,4,人形机器人、关税战概念、工业母机、设备更新
税友股份,4,AI营销、数字政务、蚂蚁金服概念、MCP概念
空港股份,4,地方国资、并购重组预期概念、地产链、科技重组预期概念
紫金矿业,4,地方国资、黄金白银、金属铜、中证A50成分股
维信诺,4,消费电子、LED概念、华为手机产业链、折叠屏概念
综艺股份,4,AI硬件、电力、国产芯片概念、并购重组预期概念
罗平锌电,4,涨价概念、对日反制、小金属、出口管制概念
美湖股份,4,人形机器人、智能驾驶系统、外骨骼机器人、比亚迪产业链
耀皮玻璃,4,地方国资、并购重组预期概念、反内卷概念、钙钛矿电池
老凤祥,4,地方国资、黄金白银、新消费、离境退税概念
胜宏科技,4,AI硬件、出海、英伟达概念、智能驾驶系统
能科科技,4,商业航天、物理AI概念、DeepSeek概念、核电
腾景科技,4,AI硬件、光刻机概念、新质生产力、量子信息
至纯科技,4,长鑫存储概念、半导体设备、光刻机概念、大基金持股
舒华体育,4,海峡两岸、新消费、冰雪旅游概念、华为甄选与支付
航天晨光,4,商业航天、军工、氢能源、外骨骼机器人
航天科技,4,商业航天、军工、远东大开发、京东概念
航天长峰,4,AI硬件、商业航天、军工、军工信息化
航新科技,4,关税战概念、军工、低空经济、大飞机
芒果超媒,4,字节跳动概念、短剧产业、影视概念、MR概念
芯海科技,4,华为鸿蒙、AIPC概念、汽车芯片、充电宝概念
苏交科,4,设备更新、低空经济、车路云一体化、食品安全
苏大维格,4,半导体设备、光刻机概念、新质生产力、谷子经济概念
英可瑞,4,设备更新、华为液冷快充、充电桩、换电概念
英唐智控,4,AI硬件、功率半导体、AI眼镜概念、汽车芯片
荣盛发展,4,商业航天、地产链、低空经济、破净整理
荣盛石化,4,涨价概念、光伏、光伏辅材、沙特合作概念
荣联科技,4,国产芯片概念、腾讯AI概念、超聚变、甲骨文概念
菲利华,4,AI硬件、关税战概念、光纤、军工
蓝海华腾,4,固态电池概念、低空经济、比亚迪产业链、RISC-V概念
蔚蓝锂芯,4,AI硬件、人形机器人、锂电池材料、固态电池概念
藏格矿业,4,锂电池材料、锂矿、反内卷概念、金属铜
虹软科技,4,AIGC应用、大模型概念、AEBS概念、MR概念
裕兴股份,4,AI硬件、光伏、光伏新技术、破净整理
西安奕材,4,半导体材料、国产芯片概念、对日反制、硅
西藏天路,4,小金属、地产链、西藏水电概念、西部大开发
许继电气,4,设备更新、氢能源、智能电网、国企重组合并
谱尼测试,4,设备更新、低空经济、食品安全、核污染概念
豫光金铅,4,涨价概念、磷化铟概念、小金属、黄金白银
贝泰妮,4,复苏消费概念、新消费、线上送礼物概念、医美
赣锋锂业,4,锂电池材料、锂矿、反内卷概念、固态电池概念
超图软件,4,华为鸿蒙、低空经济、空中成像、MR概念
越秀资本,4,商业航天、大金融、地方国资、化债概念
达安基因,4,炭疽概念、高股息、生育概念、食品安全
达实智能,4,长鑫存储概念、物理AI概念、银发经济、SPD医疗供应链
运达股份,4,地方国资、设备更新、出海、风电
道氏技术,4,AI硬件、涨价概念、锂电池材料、固态电池概念
金发科技,4,人形机器人、商业航天、碳纤维、共聚聚甲醛
金城医药,4,涨价概念、麦角硫因概念、电子烟、合成生物
金智科技,4,电力、智能电网、数字政务、韧性城市概念
金现代,4,军工、智谱AI概念、智能电网、AI低代码概念
金辰股份,4,光伏、设备更新、光伏新技术、RISC-V概念
金风科技,4,商业航天、电力、出海、风电
铂力特,4,商业航天、军工、线控底盘、折叠屏概念
铜陵有色,4,AI硬件、涨价概念、黄金白银、金属铜
铭普光磁,4,光通信设备、硅光技术概念、新质生产力、高速铜缆互联
银之杰,4,大金融、券商重组预期、大模型概念、数字货币概念
银轮股份,4,人形机器人、关税战概念、小米汽车、比亚迪产业链
锌业股份,4,涨价概念、磷化铟概念、对日反制、小金属
锡业股份,4,涨价概念、磷化铟概念、对日反制、小金属
长川科技,4,先进封装、新质生产力、设备更新、大基金持股
长白山,4,关税战概念、冰雪旅游概念、服务消费概念、旅游
阳光电源,4,光伏、储能概念、出海、沙特合作概念
阿尔特,4,核心城市算力、智谱AI概念、低空经济、海洋经济
陆家嘴,4,地方国资、地产链、券商重组预期、服务消费概念
陕西华达,4,商业航天、军工、量子信息、华为海思概念
雅本化学,4,麦角硫因概念、出海、NMN概念、农药
青云科技,4,国产芯片概念、关税战概念、DeepSeek概念、自主可控
青木科技,4,新消费、跨境电商、线上送礼物概念、谷子经济概念
音飞储存,4,设备更新、外卖概念、京东概念、跨境电商
韵达股份,4,关税战概念、反内卷概念、统一大市场、低空经济
风华高科,4,AI硬件、商业航天、一体化电感、华为手机产业链
飞力达,4,关税战概念、统一大市场、港口航运、跨境电商
首钢股份,4,人形机器人、地方国资、反内卷概念、破净整理
鹏鼎控股,4,AI硬件、AI眼镜概念、华为手机产业链、MR概念
麦捷科技,4,国产芯片概念、核心城市算力、一体化电感、华为手机产业链
麦格米特,4,AI硬件、玻璃基板、RISC-V概念、充电桩
黑芝麻,4,关税战概念、复苏消费概念、新消费、跨境电商
龙建股份,4,化债概念、冰雪旅游概念、远东大开发、韧性城市概念
*ST中岩,3,低空经济、西藏水电概念、服务消费概念
*ST九鼎,3,人形机器人、关税战概念、地产链
*ST威领,3,锂矿、小金属、反内卷概念
*ST实达,3,地方国资、大厂算力梳理、海峡两岸
*ST西旅,3,关税战概念、复苏消费概念、新消费
*ST长投,3,地方国资、并购重组预期概念、统一大市场
*ST闻泰,3,消费电子、AIPC概念、汽车芯片
DR敏芯股,3,人形机器人、消费电子、智能驾驶系统
ST京机,3,设备更新、钙钛矿电池、光伏新技术
ST信安,3,跨境支付、自主可控、数据要素
ST信源,3,自主可控、大模型概念、海南VPN
ST得润,3,消费电子、高速铜缆互联、800V快充
ST海王,3,创新药进度整理、化债概念、生育概念
ST荣科,3,大厂算力梳理、科技重组预期概念、超聚变
ST西王,3,NMN概念、外卖概念、京东概念
ST达华,3,华为鸿蒙、卫星互联网、量子信息
ST金顶,3,商业航天、无人车辆、西部大开发
七一二,3,商业航天、军工、军工信息化
七匹狼,3,国产芯片概念、海峡两岸、线上送礼物概念
万丰奥威,3,商业航天、低空经济、碳纤维
万事利,3,离境退税概念、跨境电商、线上送礼物概念
万向钱潮,3,人形机器人、并购重组预期概念、小米汽车
万和电气,3,人形机器人、优必选机器人、设备更新
万辰集团,3,关税战概念、复苏消费概念、海峡两岸
万达信息,3,核心城市算力、稳定币概念、银发经济
万顺新材,3,锂电池材料、储能概念、复合集流体
万马股份,3,光纤、海洋经济、充电桩
三一重工,3,设备更新、西藏水电概念、汇金证金持股
三佳科技,3,半导体设备、并购重组预期概念、科技重组预期概念
三只松鼠,3,复苏消费概念、宠物经济、线上送礼物概念
三孚股份,3,对日反制、光刻机概念、光纤
三峡新材,3,地方国资、光伏、光伏辅材
三峡旅游,3,地方国资、复苏消费概念、旅游
三未信安,3,车路云一体化、RISC-V概念、数字政务
三祥新材,3,AI硬件、小金属、固态电池概念
三维天地,3,数据要素、食品安全、AI低代码概念
三美股份,3,半导体材料、涨价概念、出海
三联锻造,3,华为问界、小米汽车、冷锻工艺概念
三角防务,3,商业航天、关税战概念、军工
三超新材,3,玻璃基板、光伏、设备更新
三钢闽光,3,地方国资、反内卷概念、破净整理
上海医药,3,地方国资、中药、SPD医疗供应链
上海家化,3,复苏消费概念、外卖概念、线上送礼物概念
上海沪工,3,商业航天、设备更新、卫星互联网
上海物贸,3,地方国资、并购重组预期概念、稳定币概念
上海贝岭,3,关税战概念、自主可控、汽车芯片
世运电路,3,AI硬件、地方国资、并购重组预期概念
东华测试,3,商业航天、设备更新、大飞机
东安动力,3,并购重组预期概念、低空经济、国企重组合并
东方国信,3,电力、核心城市算力、数据要素
东方生物,3,关税战概念、宠物经济、破净整理
东方盛虹,3,光伏、光伏辅材、沙特合作概念
东方钽业,3,对日反制、可控核聚变、ITER概念
东方雨虹,3,地产链、光伏辅材、韧性城市概念
东江环保,3,地方国资、出口管制概念、拆解回收概念
东贝集团,3,电力、跨境电商、磁悬浮压缩机
东软载波,3,电力、国产芯片概念、RISC-V概念
中信出版,3,国企人工智能、版权、黑神话悟空概念
中信博,3,光伏、光伏辅材、沙特合作概念
中信海直,3,低空经济、中字头概念、旅游
中信银行,3,高股息、破净整理、汇金证金持股
中储股份,3,关税战概念、统一大市场、破净整理
中兴商业,3,关税战概念、复苏消费概念、冰雪旅游概念
中创智领,3,关税战概念、设备更新、中部崛起概念
中创环保,3,并购重组预期概念、大厂算力梳理、科技重组预期概念
中国中免,3,新消费、中字头概念、离境退税概念
中国交建,3,关税战概念、中字头概念、破净整理
中国卫星,3,商业航天、卫星互联网、中字头概念
中国核电,3,电力、小金属、ITER概念
中国海油,3,关税战概念、中字头概念、石油油气
中国海防,3,军工、国企重组合并、军工信息化
中国石化,3,涨价概念、破净整理、汇金证金持股
中国石油,3,中字头概念、石油油气、破净整理
中国神华,3,中字头概念、中证A50成分股、共聚聚甲醛
中国移动,3,DeepSeek概念、量子信息、数字政务
中国软件,3,关税战概念、AIPC概念、自主可控
中国银行,3,高股息、破净整理、汇金证金持股
中复神鹰,3,涨价概念、碳纤维、大飞机
中天火箭,3,商业航天、军工、军贸
中新赛克,3,地方国资、稳定币概念、数据要素
中新集团,3,人形机器人、国产芯片概念、地产链
中晶科技,3,国产芯片概念、硅、汽车芯片
中机认检,3,小米汽车、中字头概念、AEBS概念
中核科技,3,可控核聚变、核电、核污染概念
中欣氟材,3,半导体材料、人形机器人、涨价概念
中油资本,3,关税战概念、跨境支付、中字头概念
中海达,3,商业航天、智能驾驶系统、无人驾驶应用
中直股份,3,低空经济、大飞机、军贸
中石科技,3,核心城市算力、AI手机、MR概念
中科三环,3,关税战概念、稀土永磁、出口管制概念
中科软,3,并购重组预期概念、中字头概念、RISC-V概念
中航成飞,3,关税战概念、军工、军贸
中航西飞,3,商业航天、关税战概念、军工
中船科技,3,军工、设备更新、中字头概念
中船防务,3,商业航天、中字头概念、国企重组合并
中集集团,3,关税战概念、港口航运、海洋经济
中鼎股份,3,智能驾驶系统、比亚迪产业链、线控底盘
丰元股份,3,涨价概念、锂电池材料、固态电池概念
丸美生物,3,复苏消费概念、线上送礼物概念、医美
久立特材,3,可控核聚变、核电、ITER概念
久量股份,3,地方国资、并购重组预期概念、LED概念
义翘神州,3,合成生物、再生医学、干细胞概念
乐凯胶片,3,并购重组预期概念、光伏、光伏辅材
九安医疗,3,Kimi智能助手、大模型概念、银发经济
九阳股份,3,复苏消费概念、高股息、汇金证金持股
云南白药,3,中药、服务消费概念、汇金证金持股
云南铜业,3,涨价概念、出口管制概念、金属铜
云铝股份,3,锂电池材料、对日反制、金属铝概念
五洲新春,3,人形机器人、商业航天、新质生产力
亚信安全,3,字节跳动概念、数据要素、数字政务
亚翔集成,3,长鑫存储概念、半导体设备、长江存储概念
交运股份,3,地方国资、统一大市场、破净整理
京东方A,3,玻璃基板、消费电子、折叠屏概念
京城股份,3,地方国资、氢能源、小米机器人
京投发展,3,地方国资、地产链、银发经济
人民网,3,国企人工智能、数据要素、蚂蚁金服概念
仙琚制药,3,创新药进度整理、地方国资、生育概念
伊利股份,3,新消费、生育概念、线上送礼物概念
优博讯,3,跨境支付、华为鸿蒙、华为海思概念
佛山照明,3,华为问界、LED概念、海洋经济
佳电股份,3,核电、ITER概念、远东大开发
保变电气,3,电力、核电、国企重组合并
信德新材,3,锂电池材料、固态电池概念、碳纤维
信测标准,3,低空经济、小米机器人、新能车检概念
信隆健康,3,出海、生育概念、冰雪旅游概念
兄弟科技,3,人形机器人、NMN概念、维生素
兆驰股份,3,功率半导体、AIGC应用、LED概念
先进数通,3,大厂算力梳理、英伟达概念、超聚变
光大嘉宝,3,化债概念、统一大市场、地产链
光明地产,3,地方国资、统一大市场、地产链
光洋股份,3,人形机器人、并购重组预期概念、智能驾驶系统
光电股份,3,光纤、军工、军贸
兴业股份,3,对日反制、风电、大飞机
农业银行,3,高股息、破净整理、汇金证金持股
冠昊生物,3,创新药进度整理、再生医学、干细胞概念
冠石科技,3,半导体材料、光刻机概念、MR概念
凤凰光学,3,关税战概念、并购重组预期概念、食品安全
凯德石英,3,磷化铟概念、关税战概念、光伏辅材
创世纪,3,人形机器人、关税战概念、设备更新
创元科技,3,商业航天、电力、半导体设备
初灵信息,3,国产芯片概念、华为鸿蒙、AI低代码概念
利元亨,3,玻璃基板、固态电池概念、钙钛矿电池
利群股份,3,复苏消费概念、统一大市场、字节跳动概念
剑桥科技,3,AI硬件、光通信设备、新质生产力
力源信息,3,AI硬件、长鑫存储概念、长江存储概念
劲仔食品,3,关税战概念、复苏消费概念、线上送礼物概念
北京文化,3,影视概念、服务消费概念、谷子经济概念
北化股份,3,军工、出海、核污染概念
北摩高科,3,商业航天、军工、大飞机
北方稀土,3,涨价概念、关税战概念、稀土永磁
北汽蓝谷,3,地方国资、无人驾驶应用、换电概念
北部湾港,3,关税战概念、统一大市场、港口航运
千方科技,3,智能驾驶系统、AI视觉、车路云一体化
华友钴业,3,锂矿、固态电池概念、中证A50成分股
华发股份,3,优必选机器人、地方国资、影石全景相机
华塑科技,3,大厂算力梳理、核心城市算力、字节跳动概念
华夏银行,3,高股息、破净整理、汇金证金持股
华大九天,3,关税战概念、RISC-V概念、大基金持股
华大基因,3,复苏消费概念、阿尔兹海默症、生育概念
华如科技,3,物理AI概念、军工、MR概念
华安鑫创,3,智能驾驶系统、比亚迪产业链、车路云一体化
华建集团,3,地方国资、地产链、房屋养老金概念
华懋科技,3,半导体材料、国产芯片概念、海峡两岸
华新建材,3,反内卷概念、高股息、西藏水电概念
华泰证券,3,关税战概念、大金融、破净整理
华测导航,3,商业航天、智能驾驶系统、无人驾驶应用
华海诚科,3,HBM存储、先进封装、扇出型封装
华润双鹤,3,创新药进度整理、炭疽概念、生育概念
华盛昌,3,出海、食品安全、核污染概念
华脉科技,3,AI硬件、光纤、高速铜缆互联
华菱线缆,3,商业航天、可控核聚变、海洋经济
华菱钢铁,3,涨价概念、反内卷概念、破净整理
华蓝集团,3,关税战概念、房屋养老金概念、韧性城市概念
华设集团,3,低空经济、西藏水电概念、车路云一体化
华谊集团,3,地方国资、出口管制概念、轮胎
华金资本,3,关税战概念、优必选机器人、影石全景相机
协创数据,3,物理AI概念、DeepSeek概念、AIPC概念
卓易信息,3,自主可控、华为海思概念、MCP概念
卓翼科技,3,消费电子、AI眼镜概念、华为甄选与支付
南京新百,3,复苏消费概念、再生医学、干细胞概念
南京港,3,关税战概念、统一大市场、港口航运
南华期货,3,关税战概念、大金融、稳定币概念
南方泵业,3,AI硬件、核心城市算力、拆解回收概念
南玻A,3,反内卷概念、光伏、光伏辅材
南钢股份,3,商业航天、反内卷概念、高股息
博士眼镜,3,字节跳动概念、AI眼镜概念、小米发布会
博思软件,3,腾讯AI概念、数字货币概念、数字政务
博敏电子,3,AI硬件、长鑫存储概念、半导体存储器
博纳影业,3,关税战概念、影视概念、服务消费概念
厦门空港,3,地方国资、海峡两岸、离境退税概念
友好集团,3,关税战概念、复苏消费概念、首发经济
双环传动,3,人形机器人、商业航天、新质生产力
双象股份,3,消费电子、新消费、MR概念
合众思壮,3,商业航天、低空经济、无人车辆
合兴包装,3,海峡两岸、服务消费概念、外卖概念
吉林化纤,3,低空经济、风电、碳纤维
吉鑫科技,3,电力、出海、海洋经济
同仁堂,3,地方国资、中药、银发经济
君亭酒店,3,复苏消费概念、低空经济、服务消费概念
君逸数码,3,人形机器人、低空经济、西部大开发
和胜股份,3,比亚迪产业链、华为手机产业链、充电宝概念
哈三联,3,炭疽概念、宠物经济、医美
哈尔斯,3,跨境电商、谷子经济概念、华为甄选与支付
嘉元科技,3,锂电池材料、固态电池概念、复合集流体
嘉欣丝绸,3,生育概念、离境退税概念、跨境电商
四川长虹,3,大厂算力梳理、跨境支付、RISC-V概念
四方股份,3,AI硬件、电力、智能电网
固德威,3,光伏、储能概念、RISC-V概念
固高科技,3,工业母机、AGV机器人概念、RISC-V概念
国博电子,3,商业航天、关税战概念、军工
国城矿业,3,锂矿、小金属、固态电池概念
国晟科技,3,光伏、地产链、光伏新技术
国机重装,3,可控核聚变、核电、西藏水电概念
国瑞科技,3,地方国资、军工、海洋经济
国电南自,3,电力、智能电网、西藏水电概念
国电电力,3,电力、远东大开发、汇金证金持股
国联水产,3,复苏消费概念、预制菜、核污染概念
国航远洋,3,关税战概念、海峡两岸、港口航运
国货航,3,关税战概念、统一大市场、跨境电商
国际医学,3,商业航天、复苏消费概念、生育概念
圆通速递,3,关税战概念、统一大市场、港口航运
均瑶健康,3,复苏消费概念、新消费、生育概念
垒知集团,3,海峡两岸、腾讯AI概念、房屋养老金概念
大业股份,3,人形机器人、电力、轮胎
大中矿业,3,锂电池材料、锂矿、固态电池概念
大丰实业,3,智元机器人、首发经济、服务消费概念
大为股份,3,涨价概念、半导体存储器、比亚迪产业链
大众公用,3,人形机器人、商业航天、无人驾驶应用
大全能源,3,反内卷概念、光伏、硅
大悦城,3,新消费、服务消费概念、谷子经济概念
大有能源,3,并购重组预期概念、煤炭概念、中部崛起概念
大连友谊,3,复苏消费概念、冰雪旅游概念、远东大开发
大连圣亚,3,关税战概念、冰雪旅游概念、旅游
天和磁材,3,人形机器人、关税战概念、稀土永磁
天富能源,3,电力、并购重组预期概念、科技重组预期概念
天山股份,3,反内卷概念、破净整理、中吉乌铁路概念
天康生物,3,反内卷概念、炭疽概念、宠物经济
天洋新材,3,光伏、新质生产力、光伏辅材
天海防务,3,军工、港口航运、军贸
天润工业,3,电力、智能驾驶系统、线控底盘
天虹股份,3,关税战概念、复苏消费概念、低空经济
太极实业,3,长鑫存储概念、半导体设备、HBM存储
奥拓电子,3,英伟达概念、字节跳动概念、LED概念
奥普光电,3,商业航天、光刻机概念、出口管制概念
奥飞数据,3,大厂算力梳理、高速铜缆互联、腾讯AI概念
好上好,3,国产芯片概念、AI眼镜概念、RISC-V概念
妙可蓝多,3,复苏消费概念、生育概念、线上送礼物概念
威士顿,3,新质生产力、核心城市算力、甲骨文概念
威孚高科,3,智能驾驶系统、氢能源、小米汽车
威胜信息,3,电力、出海、中部崛起概念
孚日股份,3,锂电池材料、生育概念、服务消费概念
宁德时代,3,储能概念、新质生产力、换电概念
宁波华翔,3,人形机器人、智元机器人、高股息
宁波港,3,地方国资、港口航运、汇金证金持股
宁波能源,3,电力、地方国资、统一大市场
宁波远洋,3,地方国资、统一大市场、港口航运
安凯微,3,DeepSeek概念、AI视觉、RISC-V概念
安妮股份,3,海峡两岸、短剧产业、蚂蚁金服概念
安泰集团,3,反内卷概念、煤炭概念、中部崛起概念
安琪酵母,3,地方国资、线上送礼物概念、合成生物
安路科技,3,国产芯片概念、RISC-V概念、大基金持股
安达维尔,3,军工、低空经济、大飞机
宏微科技,3,功率半导体、比亚迪产业链、汽车芯片
宏明电子,3,AI硬件、商业航天、军工
宏盛华源,3,电力、并购重组预期概念、国企重组合并
宗申动力,3,商业航天、出海、低空经济
宝信软件,3,AI硬件、大厂算力梳理、核心城市算力
宝明科技,3,AI眼镜概念、LED概念、复合集流体
宝胜股份,3,AI硬件、可控核聚变、高速铜缆互联
宝鼎科技,3,AI硬件、涨价概念、黄金白银
富临精工,3,锂电池材料、智元机器人、华为问界
富佳股份,3,复苏消费概念、出海、地产链
富创精密,3,半导体设备、光刻机概念、新质生产力
小熊电器,3,复苏消费概念、设备更新、宠物经济
尖峰集团,3,创新药进度整理、地方国资、反内卷概念
尤夫股份,3,人形机器人、商业航天、海洋经济
居然智家,3,优必选机器人、字节跳动概念、离境退税概念
山石网科,3,国产芯片概念、海南VPN、数字政务
山西焦化,3,反内卷概念、煤炭概念、中部崛起概念
山西焦煤,3,反内卷概念、煤炭概念、中部崛起概念
崇达技术,3,AI硬件、比亚迪产业链、IC载板
川发龙蟒,3,涨价概念、磷化工、化肥
川宁生物,3,关税战概念、麦角硫因概念、合成生物
川金诺,3,涨价概念、出海、化肥
工商银行,3,高股息、破净整理、汇金证金持股
平煤股份,3,反内卷概念、破净整理、中部崛起概念
广州酒家,3,地方国资、复苏消费概念、服务消费概念
广汽集团,3,地方国资、破净整理、无人车辆
广立微,3,国产芯片概念、SRAM存储概念、大基金持股
康盛股份,3,AI硬件、核心城市算力、氢能源
康隆达,3,人形机器人、商业航天、出口管制概念
建设银行,3,高股息、破净整理、汇金证金持股
弘讯科技,3,人形机器人、可控核聚变、核电
强力新材,3,半导体材料、HBM存储、先进封装
德新科技,3,固态电池概念、新质生产力、比亚迪产业链
德福科技,3,AI硬件、锂电池材料、固态电池概念
德艺文创,3,海峡两岸、新消费、谷子经济概念
德赛西威,3,智能驾驶系统、比亚迪产业链、车路云一体化
德邦股份,3,关税战概念、京东概念、无人车辆
德马科技,3,人形机器人、物理AI概念、智元机器人
思源电气,3,电力、出海、智能电网
思特威,3,比亚迪产业链、华为手机产业链、大基金持股
思维列控,3,关税战概念、设备更新、中吉乌铁路概念
恒烁股份,3,涨价概念、半导体存储器、RISC-V概念
恒瑞医药,3,减肥药概念、阿尔兹海默症、中证A50成分股
恩捷股份,3,锂电池材料、固态电池概念、比亚迪产业链
悦心健康,3,复苏消费概念、生育概念、银发经济
惠泉啤酒,3,地方国资、海峡两岸、新消费
慈文传媒,3,短剧产业、游戏、影视概念
慧博云通,3,关税战概念、字节跳动概念、华为海思概念
扬杰科技,3,功率半导体、新消费、比亚迪产业链
振芯科技,3,商业航天、国产芯片概念、军工
振邦智能,3,光伏、小米汽车、小米发布会
捷捷微电,3,功率半导体、对日反制、自主可控
捷邦科技,3,消费电子、固态电池概念、高速铜缆互联
敷尔佳,3,复苏消费概念、线上送礼物概念、医美
斯达半导,3,AI硬件、功率半导体、汽车芯片
新亚制程,3,涨价概念、锂电池材料、固态电池概念
新亚电子,3,AI硬件、高速铜缆互联、甲骨文概念
新光光电,3,商业航天、军工、军贸
新劲刚,3,商业航天、军工、军工信息化
新北洋,3,低空经济、数字货币概念、SPD医疗供应链
新华传媒,3,地方国资、并购重组预期概念、版权
新华网,3,AI营销、AIGC应用、国企人工智能
新国都,3,大金融、跨境支付、稳定币概念
新强联,3,电力、设备更新、风电
新洋丰,3,涨价概念、磷化工、化肥
新疆交建,3,商业航天、西部大开发、中吉乌铁路概念
新致软件,3,大金融、DeepSeek概念、跨境支付
新金路,3,涨价概念、对日反制、关税战概念
新雷能,3,AI硬件、商业航天、军工
新风光,3,AI硬件、稀土永磁、储能概念
方正电机,3,人形机器人、地方国资、海洋经济
旗滨集团,3,玻璃基板、反内卷概念、光伏
旭升集团,3,人形机器人、商业航天、比亚迪产业链
时代出版,3,稳定币概念、生育概念、服务消费概念
时代新材,3,设备更新、出海、风电
时空科技,3,长鑫存储概念、低空经济、空中成像
昊海生科,3,创新药进度整理、复苏消费概念、医美
明冠新材,3,固态电池概念、光伏、光伏辅材
春秋电子,3,人形机器人、消费电子、AIPC概念
智莱科技,3,低空经济、SPD医疗供应链、无人车辆
曼卡龙,3,黄金白银、新消费、线上送礼物概念
有研硅,3,半导体材料、对日反制、硅
李子园,3,商业航天、复苏消费概念、线上送礼物概念
杭州解百,3,商业航天、地方国资、复苏消费概念
杭齿前进,3,人形机器人、地方国资、风电
杰美特,3,AI眼镜概念、AI手机、跨境电商
柏星龙,3,新消费、服务消费概念、谷子经济概念
柏诚股份,3,长鑫存储概念、半导体设备、长江存储概念
格力电器,3,设备更新、高股息、磁悬浮压缩机
格尔软件,3,自主可控、稳定币概念、数据要素
格林精密,3,消费电子、AI眼镜概念、MR概念
桂林旅游,3,关税战概念、复苏消费概念、旅游
欢乐家,3,复苏消费概念、新消费、线上送礼物概念
欢瑞世纪,3,短剧产业、游戏、影视概念
欣锐科技,3,储能概念、比亚迪产业链、800V快充
欧亚集团,3,冰雪旅游概念、服务消费概念、远东大开发
欧晶科技,3,关税战概念、光伏、光伏辅材
欧科亿,3,AI硬件、工业母机、设备更新
欧莱新材,3,半导体材料、磷化铟概念、对日反制
正业科技,3,AI硬件、设备更新、高速铜缆互联
正元智慧,3,核心城市算力、食品安全、蚂蚁金服概念
正帆科技,3,长鑫存储概念、半导体设备、长江存储概念
正泰电源,3,光伏、储能概念、出海
武汉凡谷,3,AI硬件、商业航天、5G-A
永和股份,3,AI硬件、半导体材料、涨价概念
永杉锂业,3,锂电池材料、小金属、出口管制概念
永福股份,3,电力、智能电网、换电概念
汇纳科技,3,并购重组预期概念、核心城市算力、数据要素
汉仪股份,3,AIGC应用、字节跳动概念、黑神话悟空概念
汉威科技,3,人形机器人、新质生产力、小米机器人
汉王科技,3,新质生产力、大模型概念、Pika概念
江丰电子,3,AI硬件、半导体材料、对日反制
江化微,3,半导体材料、长鑫存储概念、国产芯片概念
江海股份,3,AI硬件、地方国资、800V快充
江苏华辰,3,商业航天、电力、智能电网
江苏雷利,3,人形机器人、新质生产力、小米机器人
河钢股份,3,小金属、反内卷概念、储能概念
泰尔股份,3,商业航天、设备更新、AGV机器人概念
泰林生物,3,食品安全、再生医学、干细胞概念
泰胜风能,3,商业航天、设备更新、海洋经济
洪田股份,3,玻璃基板、固态电池概念、复合集流体
派能科技,3,光伏、储能概念、出海
浙富控股,3,黄金白银、核电、西藏水电概念
浙文影业,3,地方国资、影视概念、文生视频概念
浙江建投,3,地方国资、地产链、西藏水电概念
浙江新能,3,电力、地方国资、储能概念
浙江震元,3,地方国资、SPD医疗供应链、合成生物
浦发银行,3,高股息、破净整理、汇金证金持股
海兴电力,3,电力、出海、智能电网
海南机场,3,海南封关概念、海南VPN、离境退税概念
海南矿业,3,锂电池材料、海南封关概念、沙特合作概念
海天精工,3,关税战概念、工业母机、新质生产力
海得控制,3,AI硬件、电力、储能概念
海欣食品,3,复苏消费概念、海峡两岸、线上送礼物概念
海油工程,3,设备更新、海洋经济、石油油气
海能达,3,DeepSeek概念、甲骨文概念、数字政务
海陆重工,3,光刻机概念、可控核聚变、核电
海马汽车,3,海南封关概念、出海、氢能源
润欣科技,3,核心城市算力、字节跳动概念、AI眼镜概念
深信服,3,Kimi智能助手、自主可控、数据要素
深圳机场,3,地方国资、港口航运、离境退税概念
深城交,3,地方国资、低空经济、车路云一体化
深物业A,3,地方国资、地产链、高股息
淳中科技,3,商业航天、国产芯片概念、军工信息化
游族网络,3,小红书概念、出海、游戏
激智科技,3,光伏、LED概念、光伏辅材
瀛通通讯,3,消费电子、AI眼镜概念、影石全景相机
热景生物,3,炭疽概念、阿尔兹海默症、食品安全
焦作万方,3,并购重组预期概念、稀土永磁、金属铝概念
焦点科技,3,关税战概念、跨境支付、跨境电商
煌上煌,3,服务消费概念、外卖概念、京东概念
熊猫乳品,3,关税战概念、复苏消费概念、生育概念
燕东微,3,国产芯片概念、地方国资、大基金持股
爱乐达,3,商业航天、军工、大飞机
爱仕达,3,复苏消费概念、AGV机器人概念、动作捕捉概念
爱尔眼科,3,复苏消费概念、中证A50成分股、服务消费概念
爱建集团,3,关税战概念、大金融、券商重组预期
物产中大,3,地方国资、统一大市场、破净整理
特发信息,3,商业航天、电力、光纤
琏升科技,3,商业航天、光伏、光伏新技术
瑞华泰,3,关税战概念、出口管制概念、折叠屏概念
瑞可达,3,AI硬件、高速铜缆互联、800V快充
瑞康医药,3,创新药进度整理、外骨骼机器人、SPD医疗供应链
瑞玛精密,3,智能驾驶系统、冷锻工艺概念、线控底盘
瑞贝卡,3,并购重组预期概念、大厂算力梳理、跨境电商
甘化科工,3,涨价概念、对日反制、军工
用友网络,3,关税战概念、自主可控、数字政务
申菱环境,3,AI硬件、大厂算力梳理、腾讯AI概念
申通快递,3,关税战概念、反内卷概念、统一大市场
电工合金,3,设备更新、金属铜、小米汽车
电科院,3,商业航天、新能车检概念、充电宝概念
百合股份,3,NMN概念、宠物经济、线上送礼物概念
皇氏集团,3,复苏消费概念、海峡两岸、钙钛矿电池
皖新传媒,3,智谱AI概念、游戏、影石全景相机
盐津铺子,3,关税战概念、复苏消费概念、线上送礼物概念
盐湖股份,3,锂电池材料、反内卷概念、国企重组合并
盛新锂能,3,锂电池材料、锂矿、反内卷概念
盛洋科技,3,商业航天、高速铜缆互联、卫星互联网
真视通,3,核心城市算力、Pika概念、V2G概念
睿能科技,3,半导体存储器、海峡两岸、设备更新
石化机械,3,设备更新、氢能源、海洋经济
石药创新,3,创新药进度整理、维生素、生育概念
硅宝科技,3,涨价概念、固态电池概念、硅
神剑股份,3,商业航天、涨价概念、碳纤维
神宇股份,3,AI硬件、高速铜缆互联、军工信息化
神开股份,3,商业航天、物理AI概念、海洋经济
神火股份,3,锂电池材料、反内卷概念、金属铝概念
福华尚纬,3,半导体材料、可控核聚变、核电
福建水泥,3,地方国资、反内卷概念、海峡两岸
福晶科技,3,并购重组预期概念、新质生产力、激光雷达
福石控股,3,AI营销、小红书概念、字节跳动概念
福耀玻璃,3,智能驾驶系统、比亚迪产业链、中证A50成分股
福莱特,3,反内卷概念、光伏、光伏辅材
福莱蔥特,3,涨价概念、光伏、光伏辅材
福蓉科技,3,消费电子、AI手机、华为手机产业链
福达合金,3,关税战概念、出口管制概念、冷锻工艺概念
禾望电气,3,储能概念、氢能源、风电
禾盛新材,3,AI硬件、国产芯片概念、DeepSeek概念
禾迈股份,3,光伏、储能概念、出海
科博达,3,智能驾驶系统、线控底盘、800V快充
科德教育,3,国产芯片概念、RISC-V概念、教培
科德数控,3,关税战概念、工业母机、设备更新
科恒股份,3,锂电池材料、稀土永磁、固态电池概念
科泰电源,3,AI硬件、涨价概念、核心城市算力
科达制造,3,锂电池材料、锂矿、反内卷概念
科陆电子,3,电力、储能概念、V2G概念
积成电子,3,电力、智能电网、银发经济
移远通信,3,稳定币概念、卫星互联网、AI手机
立达信,3,海峡两岸、华为鸿蒙、LED概念
精研科技,3,人形机器人、消费电子、折叠屏概念
索通发展,3,锂电池材料、固态电池概念、金属铝概念
紫建电子,3,AI眼镜概念、影石全景相机、充电宝概念
红相股份,3,商业航天、电力、军工
纽威股份,3,可控核聚变、核电、ITER概念
线上线下,3,小红书概念、字节跳动概念、线上送礼物概念
统联精密,3,消费电子、折叠屏概念、影石全景相机
维科技术,3,储能概念、电子烟、充电宝概念
维维股份,3,关税战概念、复苏消费概念、线上送礼物概念
绿的谐波,3,人形机器人、优必选机器人、新质生产力
罗牛山,3,关税战概念、海南VPN、宠物经济
美诺华,3,关税战概念、减肥药概念、合成生物
美锦能源,3,反内卷概念、氢能源、中部崛起概念
耐科装备,3,半导体设备、先进封装、新质生产力
联影医疗,3,关税战概念、设备更新、服务消费概念
航发动力,3,军工、中证A50成分股、军贸
航天南湖,3,商业航天、军工、军贸
航天彩虹,3,商业航天、关税战概念、军贸
航天智装,3,商业航天、卫星互联网、SRAM存储概念
芯动联科,3,AI硬件、人形机器人、商业航天
芯碁微装,3,AI硬件、半导体设备、新质生产力
苏州科达,3,量子信息、大模型概念、Pika概念
苏试试验,3,商业航天、设备更新、卫星互联网
若羽臣,3,麦角硫因概念、出海、宠物经济
英力股份,3,光伏、AIPC概念、光伏新技术
英洛华,3,关税战概念、稀土永磁、出口管制概念
英派斯,3,字节跳动概念、AI眼镜概念、新消费
茂莱光学,3,半导体设备、光刻机概念、新质生产力
莱特光电,3,Micro(硅基)OLED、折叠屏概念、MR概念
莲花控股,3,AI硬件、国产芯片概念、新消费
蓝特光学,3,智能驾驶系统、AI眼镜概念、MR概念
蓝英装备,3,半导体设备、光刻机概念、出海
蕾奥规划,3,低空经济、服务消费概念、空中成像
融发核电,3,可控核聚变、核电、海洋经济
融捷股份,3,锂电池材料、锂矿、反内卷概念
裕太微,3,光通信设备、汽车芯片、RISC-V概念
西测测试,3,商业航天、卫星互联网、SRAM存储概念
西藏城投,3,锂电池材料、地方国资、反内卷概念
西藏旅游,3,服务消费概念、西部大开发、旅游
西藏矿业,3,锂电池材料、锂矿、反内卷概念
西部牧业,3,关税战概念、复苏消费概念、生育概念
西部矿业,3,涨价概念、黄金白银、金属铜
西部超导,3,商业航天、军工、大飞机
豪森智能,3,人形机器人、固态电池概念、智元机器人
财通证券,3,大金融、地方国资、稳定币概念
赛意信息,3,物理AI概念、数字政务、MCP概念
赛腾股份,3,半导体设备、HBM存储、MR概念
跨境通,3,并购重组预期概念、京东概念、跨境电商
迈瑞医疗,3,设备更新、中证A50成分股、服务消费概念
通业科技,3,关税战概念、设备更新、中吉乌铁路概念
通光线缆,3,商业航天、光纤、海洋经济
通化东宝,3,减肥药概念、出海、远东大开发
通行宝,3,华为鸿蒙、稳定币概念、车路云一体化
通裕重工,3,出海、风电、西藏水电概念
通达创智,3,关税战概念、生育概念、宠物经济
道恩股份,3,锂电池材料、并购重组预期概念、固态电池概念
邵阳液压,3,商业航天、核电、海洋经济
郑州煤电,3,并购重组预期概念、反内卷概念、中部崛起概念
重庆港,3,关税战概念、统一大市场、西部大开发
重庆钢铁,3,涨价概念、反内卷概念、西部大开发
重百集团,3,关税战概念、复苏消费概念、首发经济
金一文化,3,地方国资、黄金白银、稳定币概念
金冠电气,3,AI硬件、充电桩、V2G概念
金冠股份,3,电力、换电概念、V2G概念
金力永磁,3,关税战概念、稀土永磁、出口管制概念
金博股份,3,出口管制概念、光伏、低空经济
金时科技,3,AI硬件、稳定币概念、蚂蚁金服概念
金明精机,3,商业航天、设备更新、外骨骼机器人
金桥信息,3,字节跳动概念、数字政务、蚂蚁金服概念
金田股份,3,涨价概念、稀土永磁、金属铜
金融街,3,地方国资、券商重组预期、破净整理
金螳螂,3,商业航天、半导体设备、长江存储概念
金财互联,3,AI营销、AI低代码概念、数字政务
金运激光,3,新消费、服务消费概念、谷子经济概念
金钼股份,3,关税战概念、小金属、出口管制概念
鑫宏业,3,可控核聚变、比亚迪产业链、充电桩
钢研纳克,3,稀土永磁、核电、食品安全
钢研高纳,3,商业航天、军工、ITER概念
铜冠铜箔,3,AI硬件、锂电池材料、固态电池概念
银禧科技,3,商业航天、出口管制概念、NMN概念
银邦股份,3,商业航天、军工、充电桩
长久物流,3,关税战概念、统一大市场、V2G概念
长信科技,3,AI硬件、玻璃基板、折叠屏概念
长春一东,3,并购重组预期概念、国企重组合并、远东大开发
长江通信,3,商业航天、光纤、新质生产力
长虹美菱,3,设备更新、出海、华为鸿蒙
长阳科技,3,AI硬件、固态电池概念、折叠屏概念
闽东电力,3,电力、地方国资、海峡两岸
阳光诺和,3,创新药进度整理、宠物经济、干细胞概念
阿特斯,3,光伏、储能概念、出海
雄帝科技,3,稳定币概念、量子信息、数字货币概念
雄韬股份,3,AI硬件、储能概念、新质生产力
雅化集团,3,锂电池材料、反内卷概念、西部大开发
雷曼光电,3,玻璃基板、商业航天、LED概念
雷电微力,3,商业航天、军工、军工信息化
霍莱沃,3,商业航天、物理AI概念、军工
青松建化,3,反内卷概念、西部大开发、中吉乌铁路概念
青龙管业,3,西藏水电概念、西部大开发、韧性城市概念
顶点软件,3,关税战概念、大金融、自主可控
首旅酒店,3,地方国资、复苏消费概念、服务消费概念
香农芯创,3,涨价概念、半导体存储器、字节跳动概念
香山股份,3,跨境电商、充电桩、V2G概念
驰宏锌锗,3,涨价概念、小金属、出口管制概念
高测股份,3,磷化铟概念、功率半导体、光伏
鱼跃医疗,3,设备更新、西藏水电概念、银发经济
鸣志电器,3,人形机器人、新质生产力、设备更新
鹏辉能源,3,可控核聚变、固态电池概念、储能概念
麒麟信安,3,关税战概念、DeepSeek概念、自主可控
麦克奥迪,3,地方国资、并购重组预期概念、科技重组预期概念
麦迪科技,3,人形机器人、优必选机器人、生育概念
黄河旋风,3,功率半导体、关税战概念、出口管制概念
龙头股份,3,地产链、生育概念、跨境电商
龙旗科技,3,智元机器人、AIPC概念、AI眼镜概念
龙洲股份,3,地方国资、海峡两岸、统一大市场
*ST准油,2,并购重组预期概念、石油油气
*ST华幸,2,并购重组预期概念、化债概念
*ST发展,2,西部大开发、拆解回收概念
*ST天箭,2,商业航天、军工
*ST福成,2,关税战概念、预制菜
*ST禾信,2,食品安全、核污染概念
*ST美丽,2,化债概念、地产链
*ST金灵,2,设备更新、磁悬浮压缩机
ST三木,2,地方国资、海峡两岸
ST云城,2,地产链、银发经济
ST亚光,2,商业航天、军工
ST新华锦,2,外骨骼机器人、银发经济
ST朗进,2,设备更新、低空经济
ST棕榈,2,并购重组预期概念、化债概念
ST洲际,2,海南封关概念、石油油气
ST瀚川,2,人形机器人、换电概念
ST美克,2,破净整理、京东概念
ST能特,2,地方国资、维生素
ST萃华,2,黄金白银、新消费
ST际华,2,军工、核污染概念
ST麦趣,2,复苏消费概念、生育概念
TCL智家,2,设备更新、出海
XD民生银,2,高股息、破净整理
XD鼎际得,2,光伏、光伏辅材
万华化学,2,光伏、光伏辅材
万向德农,2,关税战概念、并购重组预期概念
万孚生物,2,关税战概念、生育概念
万年青,2,反内卷概念、高股息
万控智造,2,AI硬件、核心城市算力
万泽股份,2,AI硬件、军工
万润新能,2,涨价概念、锂电池材料
万润股份,2,半导体材料、钙钛矿电池
万胜智能,2,电力、智能电网
万通发展,2,商业航天、国产芯片概念
万里马,2,军工、生育概念
万马科技,2,人形机器人、核心城市算力
三一重能,2,设备更新、风电
三人行,2,AI营销、字节跳动概念
三元股份,2,复苏消费概念、生育概念
三利谱,2,LED概念、折叠屏概念
三博脑科,2,新质生产力、服务消费概念
三夫户外,2,商业航天、冰雪旅游概念
三峡水利,2,电力、小金属
三川智慧,2,稀土永磁、储能概念
三星电气,2,电力、出海
三湘印象,2,地产链、黑神话悟空概念
三特索道,2,复苏消费概念、冰雪旅游概念
三环集团,2,AI硬件、华为手机产业链
三花智控,2,人形机器人、比亚迪产业链
上实发展,2,地方国资、地产链
上工申贝,2,低空经济、碳纤维
上海临港,2,地产链、智元机器人
上海凤凰,2,地方国资、首发经济
上海石化,2,涨价概念、碳纤维
上海钢联,2,稳定币概念、数据要素
上海银行,2,高股息、破净整理
上海雅仕,2,地方国资、统一大市场
上港集团,2,地方国资、离境退税概念
上纬新材,2,智元机器人、风电
上能电气,2,光伏、储能概念
世名科技,2,涨价概念、可控核聚变
世纪恒通,2,腾讯AI概念、华为甄选与支付
东信和平,2,消费电子、稳定币概念
东兴证券,2,化债概念、国企重组合并
东北制药,2,维生素、远东大开发
东华能源,2,关税战概念、氢能源
东华软件,2,DeepSeek概念、腾讯AI概念
东山精密,2,AI硬件、MR概念
东岳硅材,2,涨价概念、硅
东方创业,2,关税战概念、并购重组预期概念
东方嘉盛,2,统一大市场、跨境电商
东方电热,2,光纤、固态电池概念
东方电缆,2,出海、风电
东方精工,2,可控核聚变、核电
东方通信,2,商业航天、关税战概念
东湖高新,2,地方国资、并购重组预期概念
东田微,2,AI硬件、消费电子
东箭科技,2,智能驾驶系统、无人驾驶应用
东航物流,2,统一大市场、跨境电商
东莞控股,2,地方国资、券商重组预期
东诚药业,2,创新药进度整理、阿尔兹海默症
东阿阿胶,2,中药、银发经济
东风科技,2,智能驾驶系统、AEBS概念
中伟新材,2,锂电池材料、固态电池概念
中信证券,2,关税战概念、中证A50成分股
中信金属,2,出海、中字头概念
中光防雷,2,商业航天、军工
中公高科,2,国企人工智能、中字头概念
中化国际,2,光纤、中字头概念
中华企业,2,地方国资、地产链
中南股份,2,反内卷概念、破净整理
中哲精化,2,维生素、化肥
中国一重,2,商业航天、核电
中国东航,2,京东概念、离境退税概念
中国人寿,2,中字头概念、汇金证金持股
中国外运,2,低空经济、破净整理
中国宝安,2,涨价概念、锂电池材料
中国巨石,2,AI硬件、风电
中国平安,2,中证A50成分股、汇金证金持股
中国海诚,2,地产链、中字头概念
中国电影,2,关税战概念、影视概念
中国科传,2,并购重组预期概念、版权
中国稀土,2,关税战概念、稀土永磁
中国通号,2,设备更新、中吉乌铁路概念
中国重工,2,海洋经济、汇金证金持股
中富电路,2,AI硬件、华为储能
中富通,2,英伟达概念、字节跳动概念
中微半导,2,汽车芯片、RISC-V概念
中旗新材,2,关税战概念、地产链
中毅达,2,涨价概念、化肥
中油工程,2,石油油气、沙特合作概念
中洲特材,2,军工、可控核聚变
中海油服,2,设备更新、石油油气
中源协和,2,再生医学、干细胞概念
中源家居,2,关税战概念、银发经济
中熔电气,2,华为储能、800V快充
中环海陆,2,商业航天、出海
中电电机,2,并购重组预期概念、设备更新
中科仪,2,长鑫存储概念、长江存储概念
中科飞测,2,半导体设备、设备更新
中航沈飞,2,军工、军贸
中航重机,2,商业航天、中字头概念
中色股份,2,对日反制、稀土永磁
中英科技,2,AI硬件、涨价概念
中视传媒,2,中字头概念、服务消费概念
中谷物流,2,统一大市场、港口航运
中远海能,2,关税战概念、港口航运
中通客车,2,出海、车路云一体化
中邮科技,2,中字头概念、无人车辆
中金公司,2,关税战概念、大金融
中金辐照,2,食品安全、核污染概念
中金黄金,2,黄金白银、金属铜
中钢国际,2,中字头概念、沙特合作概念
中铁工业,2,设备更新、西藏水电概念
中铝国际,2,稀土永磁、中字头概念
中马传动,2,人形机器人、设备更新
丽江股份,2,关税战概念、复苏消费概念
丽珠集团,2,生育概念、宠物经济
久其软件,2,字节跳动概念、AI低代码概念
久盛电气,2,可控核聚变、核电
久祺股份,2,出海、跨境电商
乐普医疗,2,创新药进度整理、减肥药概念
乐鑫科技,2,字节跳动概念、RISC-V概念
九丰能源,2,半导体材料、商业航天
九牧王,2,复苏消费概念、海峡两岸
乾照光甩,2,商业航天、Micro(硅基)OLED
五矿发展,2,小金属、国企重组合并
五矿新能,2,锂电池材料、固态电池概念
五矿资本,2,大金融、国企重组合并
亚华电子,2,华为鸿蒙、银发经济
亚星锚链,2,设备更新、海洋经济
亚泰集团,2,反内卷概念、冰雪旅游概念
亚辉龙,2,阿尔兹海默症、生育概念
亚通股份,2,地方国资、地产链
亚邦股份,2,涨价概念、并购重组预期概念
交大昂立,2,新消费、宠物经济
交控科技,2,设备更新、低空经济
交通银行,2,高股息、破净整理
亨通股份,2,AI硬件、锂电池材料
京仪装备,2,长鑫存储概念、地方国资
京新药业,2,创新药进度整理、阿尔兹海默症
京能热力,2,电力、地方国资
京能置业,2,并购重组预期概念、地产链
亿利达,2,地方国资、并购重组预期概念
以岭药业,2,中药、生育概念
众智科技,2,电力、智能电网
众源新材,2,商业航天、金属铜
众鑫股份,2,服务消费概念、外卖概念
伟思医疗,2,外骨骼机器人、银发经济
传化智联,2,统一大市场、蚂蚁金服概念
伯特利,2,智能驾驶系统、比亚迪产业链
佛塑科技,2,锂电池材料、固态电池概念
佛慈制药,2,新消费、生育概念
佛燃能源,2,AI硬件、地方国资
佳云科技,2,小红书概念、字节跳动概念
佳力图,2,AI硬件、磁悬浮压缩机
佳发教育,2,腾讯AI概念、教培
佳都科技,2,国产芯片概念、大模型概念
依米康,2,AI硬件、大厂算力梳理
信立泰,2,创新药进度整理、减肥药概念
倍益康,2,华为鸿蒙、谷子经济概念
儒意电影,2,关税战概念、影视概念
元力股份,2,AI硬件、轮胎
元祖股份,2,复苏消费概念、服务消费概念
兆新股份,2,电力、锂电池材料
先导智能,2,商业航天、光伏
光启技术,2,商业航天、军工
光大银行,2,高股息、破净整理
光峰科技,2,智能驾驶系统、华为问界
光明乳业,2,地方国资、复苏消费概念
光明肉业,2,乙游概念、预制菜
光韵达,2,关税战概念、SRAM存储概念
八亿时空,2,半导体材料、对日反制
兰剑智能,2,设备更新、统一大市场
共进股份,2,AI硬件、新质生产力
兴业银行,2,高股息、破净整理
兴通股份,2,统一大市场、港口航运
冀东装备,2,地方国资、设备更新
冀中能源,2,煤炭概念、高股息
内蒙一机,2,军工、军贸
再升科技,2,商业航天、半导体设备
冠盛股份,2,关税战概念、固态电池概念
凌云股份,2,人形机器人、商业航天
凤形股份,2,AI硬件、涨价概念
凯旺科技,2,人形机器人、高速铜缆互联
凯格精机,2,AI硬件、玻璃基板
凯淳股份,2,字节跳动概念、线上送礼物概念
凯莱英,2,减肥药概念、合成生物
凯赛生物,2,出口管制概念、合成生物
凯龙股份,2,地方国资、西藏水电概念
创业慧康,2,服务消费概念、SPD医疗供应链
创新医疗,2,新质生产力、DeepSeek概念
创识科技,2,数字货币概念、银发经济
利君股份,2,商业航天、军工
利尔化学,2,出海、农药
利扬芯片,2,国产芯片概念、汽车芯片
利柏特,2,核电、氢能源
力星股份,2,人形机器人、商业航天
力盛体育,2,服务消费概念、MR概念
力芯微,2,比亚迪产业链、AI手机
力量钻石,2,关税战概念、出口管制概念
力鼎光电,2,动作捕捉概念、MR概念
劲拓股份,2,半导体设备、扇出型封装
北京银行,2,高股息、破净整理
北巴传媒,2,地方国资、拆解回收概念
北新路桥,2,西部大开发、中吉乌铁路概念
北方导航,2,关税战概念、军工
北方铜业,2,涨价概念、金属铜
北纬科技,2,字节跳动概念、低空经济
北自科技,2,AI硬件、人形机器人
北辰实业,2,银发经济、破净整理
千金药业,2,高股息、生育概念
华东数控,2,工业母机、新质生产力
华丽家族,2,地产链、AGV机器人概念
华亚智能,2,半导体设备、固态电池概念
华信永道,2,智谱AI概念、稳定币概念
华光环能,2,电力、氢能源
华兴源创,2,Micro(硅基)OLED、MR概念
华友钻业,2,涨价概念、锂电池材料
华塑股份,2,对日反制、光刻机概念
华天酒店,2,服务消费概念、旅游
华媒控股,2,生育概念、版权
华宇软件,2,腾讯AI概念、数字政务
华安证券,2,长鑫存储概念、大金融
华宏科技,2,稀土永磁、拆解回收概念
华宝股份,2,高股息、电子烟
华峰测控,2,半导体设备、新质生产力
华工科技光迅科技,2,大厂算力梳理、华为海思概念
华康洁净,2,半导体设备、生育概念
华强科技,2,并购重组预期概念、国企重组合并
华新科技,2,稀土永磁、拆解回收概念
华昌化工,2,氢能源、气凝胶
华明装备,2,电力、出海
华映科技,2,玻璃基板、地方国资
华是科技,2,核心城市算力、数字政务
华智数媒,2,短剧产业、影视概念
华森制药,2,创新药进度整理、中药
华海药业,2,创新药进度整理、合成生物
华灿光电,2,地方国资、LED概念
华瓷股份,2,对日反制、出海
华电国际,2,电力、汇金证金持股
华电新能,2,电力、西藏水电概念
华电辽能,2,电力、海洋经济
华盛锂电,2,锂电池材料、固态电池概念
华纺股份,2,关税战概念、跨境电商
华自科技,2,电力、设备更新
华英农业,2,预制菜、中部崛起概念
华贸物流,2,统一大市场、跨境电商
华软科技,2,国产芯片概念、锂电池材料
华远控股,2,地方国资、地产链
华银电力,2,电力、核电
华锐精密,2,人形机器人、工业母机
华锦股份,2,远东大开发、化肥
华阳新材,2,稀土永磁、气凝胶
华鲁恒升,2,中证A50成分股、化肥
华鹏飞,2,关税战概念、统一大市场
卓胜微,2,消费电子、华为手机产业链
南京公用,2,地产链、无人驾驶应用
南京聚隆,2,低空经济、碳纤维
南京银行,2,高股息、破净整理
南兴股份,2,大厂算力梳理、数字政务
南凌科技,2,字节跳动概念、海南VPN
南宁百货,2,关税战概念、复苏消费概念
南山控股,2,电力、统一大市场
南方精工,2,人形机器人、新质生产力
南方路机,2,设备更新、核电
南网科技,2,电力、储能概念
博世科,2,食品安全、无人车辆
博众精工,2,换电概念、MR概念
博俊科技,2,华为问界、小米汽车
博威合金,2,金属铜、高速铜缆互联
博实股份,2,人形机器人、远东大开发
博睿数据,2,核心城市算力、数据要素
博迁新材,2,AI硬件、光伏新技术
博迈科,2,海洋经济、石油油气
博通股份,2,并购重组预期概念、西部大开发
卧龙新能,2,稀土永磁、储能概念
卫星化学,2,AI硬件、锂电池材料
厦工股份,2,地方国资、海峡两岸
友发集团,2,国产芯片概念、西藏水电概念
双林股份,2,人形机器人、小米汽车
双汇发展,2,预制菜、汇金证金持股
双箭股份,2,服务消费概念、银发经济
古越龙山,2,地方国资、新消费
可川科技,2,Micro(硅基)OLED、消费电子
可靠股份,2,涨价概念、生育概念
台基股份,2,功率半导体、国产芯片概念
合作,2,长鑫存储概念、优必选机器人
合合信息,2,字节跳动概念、MCP概念
合康新能,2,电力、储能概念
吉华集团,2,人形机器人、涨价概念
吉林敖东,2,创新药进度整理、生育概念
吉林高速,2,冰雪旅游概念、远东大开发
同享科技,2,光伏、光伏辅材
同兴达,2,消费电子、智能驾驶系统
同力天启,2,电力、地产链
同方股份,2,核心城市算力、国企人工智能
君实生物,2,创新药进度整理、出海
启明信息,2,华为鸿蒙、AI低代码概念
周大生,2,黄金白银、新消费
和晶科技,2,人形机器人、优必选机器人
和辉光电,2,消费电子、折叠屏概念
和顺电气,2,智能电网、充电桩
品高股份,2,AI硬件、DeepSeek概念
哈空调,2,核电、远东大开发
哈药股份,2,冰雪旅游概念、远东大开发
唯万密封,2,AI硬件、海洋经济
唯捷创芯,2,消费电子、小米发布会
唯特偶,2,HBM存储、先进封装
唯赛勃,2,锂矿、反内卷概念
四会富仕,2,AI硬件、玻璃基板
四川双马,2,无人驾驶应用、西部大开发
四方新材,2,地产链、西部大开发
四方达,2,关税战概念、出口管制概念
四维图新,2,智能驾驶系统、比亚迪产业链
回盛生物,2,涨价概念、宠物经济
园林股份,2,长江存储概念、地产链
国安达,2,设备更新、低空经济
国恩股份,2,风电、碳纤维
国投中鲁,2,并购重组预期概念、长江存储概念
国投丰乐,2,关税战概念、中部崛起概念
国林科技,2,半导体设备、氢能源
国检集团,2,商业航天、房屋养老金概念
国盛证券,2,大金融、并购重组预期概念
国盾量子,2,量子信息、军工信息化
国科军工,2,军工、军贸
国统股份,2,西藏水电概念、中吉乌铁路概念
国缆检测,2,地方国资、可控核聚变
国网信通,2,电力、智能电网
国药现代,2,关税战概念、炭疽概念
国邦医药,2,炭疽概念、宠物经济
国金证券,2,大金融、破净整理
国际复材,2,AI硬件、地产链
圣农发展,2,关税战概念、预制菜
圣泉集团,2,国产芯片概念、HBM存储
圣湘生物,2,关税战概念、宠物经济
圣诺生物,2,减肥药概念、生育概念
圣阳股份,2,AI硬件、储能概念
地素时尚,2,高股息、首发经济
均普智能,2,人形机器人、智元机器人
埃斯顿,2,人形机器人、设备更新
城建发展,2,商业航天、地方国资
基康技术,2,可控核聚变、西藏水电概念
塞力医疗,2,创新药进度整理、SPD医疗供应链
壹石通,2,关税战概念、HBM存储
壹网壹创,2,AI营销、小红书概念
复星医药,2,服务消费概念、汇金证金持股
夏厦精密,2,人形机器人、设备更新
外高桥,2,地方国资、地产链
大东方,2,复苏消费概念、高股息
大位科技,2,AI硬件、大厂算力梳理
大北农,2,反内卷概念、宠物经济
大千生态,2,并购重组预期概念、宠物经济
大唐电信,2,商业航天、科技重组预期概念
大族数控,2,AI硬件、玻璃基板
大洋电机,2,人形机器人、800V快充
大湖股份,2,预制菜、银发经济
大连圣亚长白山,2,复苏消费概念、远东大开发
大连电瓷,2,电力、沙特合作概念
大龙地产,2,地方国资、地产链
天保基建,2,关税战概念、地产链
天元宠物,2,并购重组预期概念、宠物经济
天元股份,2,外卖概念、跨境电商
天力复合,2,商业航天、可控核聚变
天地在线,2,字节跳动概念、动作捕捉概念
天士力,2,创新药进度整理、中药
天宸股份,2,光伏、光伏新技术
天岳先进,2,功率半导体、800V快充
天晟新材,2,关税战概念、券商重组预期
天桥起重,2,AGV机器人概念、冰雪旅游概念
天正电气,2,电力、核心城市算力
天永智能,2,人形机器人、锂电池材料
天舟文化,2,乙游概念、游戏
天键股份,2,消费电子、AI眼镜概念
天阳科技,2,稳定币概念、甲骨文概念
天音控股,2,AI手机、电子烟
天顺股份,2,关税战概念、统一大市场
天顺风能,2,设备更新、风电
天风证券,2,大金融、地方国资
太极集团,2,中药、SPD医疗供应链
太钢不锈,2,商业航天、反内卷概念
太阳能,2,电力、光伏
太龙股份,2,半导体存储器、LED概念
奇德新材,2,涨价概念、出口管制概念
奇精机械,2,地方国资、冷锻工艺概念
奋达科技,2,人形机器人、消费电子
奔朗新材,2,稀土永磁、出口管制概念
奥尼电子,2,智能驾驶系统、腾讯AI概念
奥联电子,2,小米汽车、线控底盘
奥锐特,2,减肥药概念、生育概念
奥雅股份,2,生育概念、黑神话悟空概念
奧普光电,2,商业航天、半导体设备
威奥股份,2,关税战概念、中吉乌铁路概念
威海广泰,2,低空经济、大飞机
孚能科技,2,固态电池概念、储能概念
宁波中百,2,关税战概念、复苏消费概念
宁波富达,2,地方国资、反内卷概念
宁波海运,2,关税战概念、港口航运
宁波精达,2,工业母机、地方国资
宁波韵升,2,稀土永磁、出口管制概念
宁波高发,2,智能驾驶系统、线控底盘
宇通客车,2,出海、无人驾驶应用
宇通客车美锦能源,2,氢能源、中部崛起概念
安井食品,2,复苏消费概念、海峡两岸
安凯客车,2,出海、无人驾驶应用
安培龙,2,人形机器人、比亚迪产业链
安德利,2,关税战概念、复苏消费概念
安徽建工,2,电力、化债概念
安恒信息,2,自主可控、数据要素
安记食品,2,复苏消费概念、海峡两岸
安车检测,2,设备更新、新能车检概念
安阳钢铁,2,涨价概念、反内卷概念
宋城演艺,2,海南封关概念、复苏消费概念
宏发股份,2,核心城市算力、800V快充
宏德股份,2,工业母机、海洋经济
宏昌科技,2,人形机器人、外骨骼机器人
宏源药业,2,涨价概念、锂电池材料
宏裕包材,2,地方国资、海峡两岸
宏达股份,2,涨价概念、化肥
宝丰能源,2,涨价概念、氢能源
宝丽迪,2,AI硬件、锂电池材料
宝地矿业,2,金属铜、中吉乌铁路概念
宝新能源,2,电力、国产芯片概念
宝泰隆,2,可控核聚变、出口管制概念
实朴检测,2,食品安全、核污染概念
家联科技,2,服务消费概念、外卖概念
容百科技,2,锂电池材料、固态电池概念
密尔克卫,2,跨境电商、MCP概念
富临运业,2,无人驾驶应用、旅游
富信科技,2,AI硬件、新质生产力
富士莱,2,合成生物、医美
富岭股份,2,服务消费概念、外卖概念
富满微,2,功率半导体、汽车芯片
富瑞特装,2,商业航天、氢能源
富祥股份,2,锂电池材料、合成生物
展鹏科技,2,军工、军工信息化
山东威达,2,小米机器人、换电概念
山河智能,2,低空经济、西藏水电概念
山煤国际,2,反内卷概念、中部崛起概念
山金国际,2,小金属、黄金白银
屹唐股份,2,半导体设备、地方国资
屹通新材,2,一体化电感、西藏水电概念
岱勒新材,2,关税战概念、光伏
岳阳林纸,2,涨价概念、化债概念
川恒股份,2,涨价概念、磷化工
川投能源,2,电力、汇金证金持股
川环科技,2,AI硬件、华为问界
巨人网络,2,游戏、服务消费概念
巨星科技,2,关税战概念、出海
巨轮智能,2,人形机器人、新质生产力
常宝股份,2,涨价概念、海洋经济
常山药业,2,减肥药概念、麦角硫因概念
常铝股份,2,比亚迪产业链、金属铝概念
并行科技,2,DeepSeek概念、智谱AI概念
广东建工,2,储能概念、化债概念
广东鸿图,2,地方国资、比亚迪产业链
广安爱众,2,AI硬件、电力
广州发展,2,地方国资、破净整理
广济药业,2,地方国资、维生素
广电电气,2,电力、腾讯AI概念
广电计量,2,低空经济、新能车检概念
庄园牧场,2,复苏消费概念、生育概念
康力源,2,新消费、银发经济
康弘药业,2,创新药进度整理、合成生物
康强电子,2,半导体材料、先进封装
康惠股份,2,NMN概念、中药
康缘药业,2,创新药进度整理、中药
康美药业,2,炭疽概念、服务消费概念
延华智能,2,华为鸿蒙、银发经济
建业股份,2,国产芯片概念、光刻机概念
建工修复,2,地方国资、核污染概念
建投能源,2,AI硬件、电力
建研院,2,地产链、房屋养老金概念
建科院,2,地方国资、房屋养老金概念
开山股份,2,氢能源、磁悬浮压缩机
开润股份,2,出海、首发经济
开能健康,2,再生医学、干细胞概念
弘业期货,2,关税战概念、大金融
弘元绿能,2,光伏、破净整理
张裕A,2,新消费、服务消费概念
徐工机械,2,设备更新、西藏水电概念
御银股份,2,稳定币概念、数字货币概念
德业股份,2,光伏、储能概念
德宏股份,2,地方国资、稀土永磁
德必集团,2,地产链、空中成像
德生科技,2,字节跳动概念、稳定币概念
快可电子,2,光伏、光伏辅材
思创智联,2,食品安全、银发经济
怡球资源,2,金属铝概念、拆解回收概念
怡达股份,2,涨价概念、国产芯片概念
恒坤新材,2,半导体材料、对日反制
恒润股份,2,国企人工智能、风电
恒玄科技,2,消费电子、AI眼镜概念
恒立液压,2,工业母机、设备更新
恒而达,2,人形机器人、工业母机
恒鑫生活,2,服务消费概念、外卖概念
恩华药业,2,创新药进度整理、关税战概念
恺英网络,2,AIGC应用、游戏
悦安新材,2,军工、一体化电感
惠丰钻石,2,关税战概念、出口管制概念
惠发食品,2,复苏消费概念、海峡两岸
慧智微,2,消费电子、大基金持股
慧谷新材,2,商业航天、Micro(硅基)OLED
戴维医疗,2,再生医学、干细胞概念
扬农化工,2,涨价概念、磷化工
扬子新材,2,半导体设备、减肥药概念
扬电科技,2,电力、设备更新
承德露露,2,关税战概念、复苏消费概念
技术支持,2,麦角硫因概念、小红书概念
拓斯达,2,工业母机、低空经济
拓新药业,2,麦角硫因概念、合成生物
招商南油,2,关税战概念、港口航运
招商港口,2,港口航运、破净整理
招商蛇口,2,高股息、破净整理
招商轮船,2,关税战概念、港口航运
招商银行,2,高股息、中证A50成分股
指南针,2,大金融、券商重组预期
振东制药,2,创新药进度整理、医美
振华新材,2,锂电池材料、固态电池概念
振华股份,2,关税战概念、维生素
捷安高科,2,动作捕捉概念、教培
捷强装备,2,低空经济、核污染概念
探路者,2,外骨骼机器人、冰雪旅游概念
摩尔线程,2,AI硬件、国产芯片概念
数字政通,2,大模型概念、数字政务
数字认证,2,地方国资、稳定币概念
文科股份,2,化债概念、西藏水电概念
斯瑞新材,2,商业航天、关税战概念
斯迪克,2,AI硬件、折叠屏概念
新亚强,2,涨价概念、硅
新华制药,2,创新药进度整理、维生素
新坐标,2,人形机器人、冷锻工艺概念
新城控股,2,地产链、破净整理
新大陆,2,大金融、稳定币概念
新天药业,2,并购重组预期概念、中药
新希望,2,关税战概念、反内卷概念
新开普,2,稳定币概念、蚂蚁金服概念
新瀚新材,2,人形机器人、涨价概念
新炬网络,2,核心城市算力、AI低代码概念
新益昌,2,HBM存储、LED概念
新能泰山,2,并购重组预期概念、光纤
新莱福,2,稀土永磁、核污染概念
新钢股份,2,涨价概念、反内卷概念
方大新材,2,服务消费概念、外卖概念
方正科技,2,AI硬件、国企人工智能
方正证券,2,并购重组预期概念、券商重组预期
日上集团,2,海峡两岸、冷锻工艺概念
日丰股份,2,华为液冷快充、充电桩
时代电气,2,功率半导体、汽车芯片
昀冢科技,2,AI硬件、消费电子
昂利康,2,创新药进度整理、宠物经济
昊华能源,2,地方国资、反内卷概念
明月镜片,2,AI眼镜概念、小米发布会
明泰铝业,2,关税战概念、出口管制概念
明阳电气,2,电力、字节跳动概念
易事特,2,AI硬件、电力
易瑞生物,2,关税战概念、食品安全
星云股份,2,设备更新、充电桩
星网锐捷,2,地方国资、新质生产力
星辰科技,2,商业航天、军工
春雪食品,2,复苏消费概念、预制菜
显盈科技,2,高速铜缆互联、AI眼镜概念
晋亿实业,2,关税战概念、设备更新
晋拓股份,2,商业航天、智能驾驶系统
晋控煤业,2,反内卷概念、中部崛起概念
晋西车轴,2,设备更新、国企重组合并
晓程科技,2,黄金白银、智能电网
晨光新材,2,硅、气凝胶
普路通,2,固态电池概念、AI低代码概念
景旺电子,2,AI硬件、先进封装
晶升股份,2,半导体设备、功率半导体
晶品特装,2,军工、军贸
智动力,2,消费电子、科技重组预期概念
智明达,2,商业航天、军工
曲江文旅,2,复苏消费概念、新消费
有方科技,2,智能驾驶系统、车路云一体化
有研复材,2,商业航天、功率半导体
朗科智能,2,人形机器人、华为甄选与支付
本川智能,2,AI硬件、商业航天
本钢板材,2,并购重组预期概念、反内卷概念
朱老六,2,关税战概念、冰雪旅游概念
机器人,2,外骨骼机器人、大基金持股
杭州热电,2,电力、地方国资
杭萧钢构,2,钙钛矿电池、沙特合作概念
杰创智能,2,低空经济、数字政务
杰华特,2,AI硬件、汽车芯片
杰瑞股份,2,海洋经济、沙特合作概念
柳工,2,设备更新、西藏水电概念
柳钢股份,2,涨价概念、反内卷概念
栖霞建设,2,地产链、稳定币概念
格力博,2,出海、智元机器人
格林达,2,半导体材料、国产芯片概念
格科微,2,消费电子、大基金持股
桂发祥,2,关税战概念、复苏消费概念
桃李面包,2,高股息、线上送礼物概念
梦网科技,2,华为鸿蒙、自主可控
森麒麟,2,低空经济、轮胎
楚天高速,2,地方国资、中部崛起概念
横河精密,2,人形机器人、小米机器人
欣贺股份,2,复苏消费概念、海峡两岸
欧克科技,2,AI硬件、锂电池材料
欧陆通,2,AI硬件、大厂算力梳理
正海生物,2,再生医学、干细胞概念
步步高,2,复苏消费概念、统一大市场
比依股份,2,出海、AI眼镜概念
民丰特纸,2,涨价概念、地方国资
永安期货,2,大金融、地方国资
永新光学,2,光刻机概念、激光雷达
永达股份,2,设备更新、海洋经济
永顺泰,2,地方国资、复苏消费概念
汉商集团,2,创新药进度整理、生育概念
汉嘉数智,2,科技重组预期概念、无人车辆
汉鑫科技,2,电力、物理AI概念
江南化工,2,并购重组预期概念、中吉乌铁路概念
江山股份,2,农药、共聚聚甲醛
江淮汽车,2,设备更新、出海
江瀚新材,2,关税战概念、光纤
江特电机,2,人形机器人、锂电池材料
江航装备,2,商业航天、大飞机
江苏国信,2,储能概念、破净整理
江苏国泰,2,锂电池材料、出海
江西铜业,2,涨价概念、金属铜
汤臣倍健,2,生育概念、银发经济
汽轮科技,2,AI硬件、地方国资
沃尔德,2,人形机器人、关税战概念
沈阳机床,2,工业母机、新质生产力
沐曦股份,2,AI硬件、国产芯片概念
沙河股份,2,地方国资、地产链
沧州明珠,2,锂电池材料、固态电池概念
沪电股份,2,AI硬件、出海
泉阳泉,2,新消费、远东大开发
法拉电子,2,新质生产力、800V快充
泛亚微透,2,AI硬件、气凝胶
波长光电,2,光刻机概念、AI眼镜概念
泰和新材,2,商业航天、光纤
泰和科技,2,锂电池材料、固态电池概念
泰达股份,2,并购重组预期概念、券商重组预期
泸州老窖,2,离境退税概念、汇金证金持股
津荣天宇,2,小米汽车、冷锻工艺概念
洪都航空,2,军工、军贸
测绘股份,2,空中成像、韧性城市概念
济民健康,2,再生医学、干细胞概念
浙农股份,2,涨价概念、SPD医疗供应链
浙商中拓,2,地方国资、拆解回收概念
浙江世宝,2,小米汽车、线控底盘
浙江东日,2,地方国资、统一大市场
浙江医药,2,维生素、生育概念
浙江华远,2,小米汽车、小米发布会
浙江龙盛,2,涨价概念、出海
浙能电力,2,电力、地方国资
浦东建设,2,商业航天、地方国资
浦东金桥,2,地方国资、地产链
浩云科技,2,华为鸿蒙、AI低代码概念
浩洋股份,2,出海、首发经济
浪潮软件,2,并购重组预期概念、自主可控
海亮股份,2,AI硬件、锂电池材料
海优新材,2,光伏、光伏辅材
海南发展,2,海南封关概念、离境退税概念
海南橡胶,2,地方国资、海南封关概念
海南海药,2,创新药进度整理、海南封关概念
海宁皮城,2,地方国资、破净整理
海尔智家,2,设备更新、RISC-V概念
海昌新材,2,人形机器人、商业航天
海普瑞,2,创新药进度整理、关税战概念
海澜之家,2,复苏消费概念、高股息
海看股份,2,短剧产业、服务消费概念
海科新源,2,锂电池材料、固态电池概念
海程邦达,2,关税战概念、跨境电商
海立股份,2,光刻机概念、并购重组预期概念
海航科技,2,关税战概念、港口航运
海辰药业,2,锂电池材料、固态电池概念
海锅股份,2,出海、海洋经济
海默科技,2,海洋经济、沙特合作概念
润达医疗,2,大模型概念、SPD医疗供应链
润邦股份,2,设备更新、出海
深圳华强,2,AI硬件、人形机器人
深圳能源,2,电力、地方国资
深粮控股,2,地方国资、新消费
深纺织A,2,地方国资、LED概念
深赛格,2,商业航天、地方国资
清源股份,2,光伏、光伏辅材
渝开发,2,地产链、西部大开发
渤海汽车,2,地方国资、设备更新
湖北广电,2,地方国资、核心城市算力
湖北能源,2,电力、破净整理
湖南天雁,2,并购重组预期概念、国企重组合并
湘电股份,2,军工、储能概念
溢多利,2,NMN概念、合成生物
漳州发展,2,地方国资、海洋经济
潍柴重机,2,AI硬件、涨价概念
潜能恒信,2,海洋经济、石油油气
潞化科技,2,氢能源、化肥
潮宏基,2,黄金白银、线上送礼物概念
澄天伟业,2,半导体材料、消费电子
澳洋健康,2,生育概念、银发经济
火炬电子,2,AI硬件、商业航天
煜邦电力,2,电力、智能电网
熵基科技,2,新质生产力、AI低代码概念
燕京啤酒,2,地方国资、新消费
牧原股份,2,关税战概念、中证A50成分股
牧高笛,2,小红书概念、冰雪旅游概念
物产环能,2,地方国资、统一大市场
特发服务,2,地产链、房屋养老金概念
狄耐克,2,国产芯片概念、韧性城市概念
王子新材,2,军工、可控核聚变
环球印务,2,字节跳动概念、短剧产业
玲珑轮胎,2,比亚迪产业链、轮胎
珈伟新能,2,电力、储能概念
珠免集团,2,地方国资、海南封关概念
珠城科技,2,人形机器人、优必选机器人
珠江啤酒,2,地方国资、新消费
珠江股份,2,地方国资、地产链
瑞普生物,2,关税战概念、宠物经济
瑞泰新材,2,锂电池材料、固态电池概念
瑞纳智能,2,功率半导体、中部崛起概念
瑞联新材,2,半导体材料、锂电池材料
瑞达期货,2,关税战概念、大金融
甬矽电子,2,国产芯片概念、扇出型封装
申万宏源,2,大金融、汇金证金持股
申昊科技,2,人形机器人、智能电网
申能股份,2,电力、地方国资
电声股份,2,首发经济、线上送礼物概念
电子城,2,地方国资、并购重组预期概念
电投产融,2,电力、并购重组预期概念
电投绿能,2,电力、并购重组预期概念
电投能源,2,反内卷概念、储能概念
畅联股份,2,关税战概念、地方国资
白云机场,2,港口航运、离境退税概念
白云电器,2,电力、光伏
百利天恒,2,创新药进度整理、出海
百川股份,2,涨价概念、锂电池材料
百洋股份,2,预制菜、海洋经济
百济神州,2,创新药进度整理、出海
百联股份,2,离境退税概念、谷子经济概念
百达精工,2,人形机器人、磁悬浮压缩机
皖能电力,2,电力、可控核聚变
盈方微,2,长江存储概念、中部崛起概念
盈趣科技,2,国产芯片概念、电子烟
益客食品,2,关税战概念、预制菜
盐田港,2,商业航天、港口航运
盖世食品,2,关税战概念、冰雪旅游概念
盛屯矿业,2,小金属、金属铜
盛科通信,2,新质生产力、大基金持股
直真科技,2,核心城市算力、AI低代码概念
盾安环境,2,核心城市算力、磁悬浮压缩机
石化油服,2,石油油气、沙特合作概念
石大胜华,2,涨价概念、锂电池材料
神州高铁,2,关税战概念、中吉乌铁路概念
神工股份,2,长鑫存储概念、长江存储概念
神通科技,2,激光雷达、车路云一体化
神马电力,2,电力、智能电网
神驰机电,2,AI硬件、涨价概念
祥明智能,2,稀土永磁、新质生产力
祥龙电业,2,并购重组预期概念、长江存储概念
福光股份,2,商业航天、光刻机概念
福建高速,2,地方国资、海峡两岸
福日电子,2,地方国资、消费电子
福田汽车,2,地方国资、出海
福能股份,2,电力、地方国资
福达股份,2,人形机器人、比亚迪产业链
福鞍股份,2,AI硬件、核电
福龙马,2,海峡两岸、无人车辆
禾川科技,2,人形机器人、新质生产力
科伦药业,2,麦角硫因概念、生育概念
科兴制药,2,创新药进度整理、出海
科创信息,2,食品安全、数字政务
科华生物,2,生育概念、宠物经济
科士达,2,AI硬件、储能概念
科大国创,2,量子信息、AI低代码概念
科新机电,2,核电、氢能源
科林电气,2,储能概念、智能电网
科达利,2,设备更新、比亚迪产业链
科远智慧,2,电力、外骨骼机器人
移远通信广和通,2,智能驾驶系统、字节跳动概念
稳健医疗,2,生育概念、银发经济
立华股份,2,关税战概念、食品安全
竞业达,2,核心城市算力、教培
米奥会展,2,首发经济、MR概念
粤传媒,2,AI营销、新消费
粤桂股份,2,涨价概念、固态电池概念
精工科技,2,外骨骼机器人、碳纤维
精艺股份,2,电力、金属铜
紫江企业,2,固态电池概念、比亚迪产业链
红宝丽,2,半导体材料、涨价概念
红旗连锁,2,复苏消费概念、离境退税概念
红板科技,2,AI硬件、商业航天
纳芯微,2,智能驾驶系统、汽车芯片
纽泰格,2,智能驾驶系统、线控底盘
经纬股份,2,空中成像、MR概念
维业股份,2,地方国资、低空经济
维科精密,2,激光雷达、线控底盘
绿地控股,2,大金融、破净整理
绿盟科技,2,数据要素、MCP概念
绿联科技,2,储能概念、充电宝概念
绿茵生态,2,化债概念、冰雪旅游概念
罗曼股份,2,首发经济、MR概念
美之高,2,关税战概念、复苏消费概念
美凯龙,2,复苏消费概念、破净整理
美利信,2,华为问界、一体化压铸
美力科技,2,人形机器人、线控底盘
美埃科技,2,半导体设备、光刻机概念
美畅股份,2,光伏、光伏新技术
美的集团,2,设备更新、中证A50成分股
美联新材,2,锂电池材料、共聚聚甲醛
美邦服饰,2,复苏消费概念、生育概念
群兴玩具,2,国产芯片概念、生育概念
翔宇医疗,2,外骨骼机器人、服务消费概念
翱捷科技,2,国产芯片概念、RISC-V概念
联动科技,2,半导体设备、新质生产力
联化科技,2,锂电池材料、农药
联合光电,2,智能驾驶系统、AI眼镜概念
联合精密,2,光刻机概念、磁悬浮压缩机
联建光电,2,商业航天、LED概念
联德股份,2,AI硬件、磁悬浮压缩机
联特科技,2,AI硬件、核心城市算力
联瑞新材,2,HBM存储、先进封装
聚光科技,2,食品安全、核污染概念
聚灿光电,2,功率半导体、LED概念
胜利精密,2,消费电子、AI眼镜概念
腾远钴业,2,涨价概念、中部崛起概念
致欧科技,2,宠物经济、跨境电商
航发控制,2,军工、低空经济
航天信息,2,DeepSeek概念、数字政务
航天发展,2,商业航天、军工
航天智造,2,商业航天、海洋经济
航天环宇,2,商业航天、卫星互联网
良信股份,2,核心城市算力、华为储能
良品铺子,2,复苏消费概念、线上送礼物概念
艾为电子,2,比亚迪产业链、MR概念
艾比森,2,新消费、LED概念
艾罗能源,2,储能概念、出海
芭田股份,2,磷化工、化肥
芯原股份,2,国产芯片概念、RISC-V概念
芯朋微,2,AI硬件、大基金持股
芯联集成,2,AI硬件、核心城市算力
芯能科技,2,电力、储能概念
苏博特,2,西藏水电概念、甲骨文概念
苏文电能,2,电力、储能概念
苏泊尔,2,复苏消费概念、外卖概念
苏美达,2,AI硬件、涨价概念
苏豪弘业,2,出海、跨境电商
苏豪汇鸿,2,并购重组预期概念、蚂蚁金服概念
茂业商业,2,复苏消费概念、离境退税概念
荣旗科技,2,AI眼镜概念、MR概念
荣泰健康,2,外骨骼机器人、华为甄选与支付
药明康德,2,减肥药概念、中证A50成分股
莱伯泰科,2,食品安全、核污染概念
莱宝高科,2,玻璃基板、AIPC概念
莱斯信息,2,关税战概念、低空经济
莱绅通灵,2,黄金白银、新消费
菜百股份,2,地方国资、黄金白银
菲菱科思,2,AI硬件、新质生产力
蒙草生态,2,化债概念、服务消费概念
蓝盾光电,2,军工、科技重组预期概念
蓝科高新,2,储能概念、海洋经济
蔚蓝生物,2,关税战概念、合成生物
蜀道装备,2,半导体材料、国产芯片概念
融捷健康,2,出海、银发经济
衢州东峰,2,固态电池概念、电子烟
衢州发展,2,小金属、地方国资
西子洁能,2,储能概念、西藏水电概念
西部建设,2,地产链、西部大开发
西部黄金,2,小金属、黄金白银
设研院,2,地产链、韧性城市概念
诚邦股份,2,化债概念、地产链
诺唯赞,2,阿尔兹海默症、合成生物
诺普信,2,新消费、农药
贝斯特,2,人形机器人、工业母机
贵研铂业,2,半导体材料、氢能源
赛福天,2,人形机器人、海洋经济
赛轮轮胎,2,比亚迪产业链、轮胎
赢时胜,2,大金融、DeepSeek概念
赣能股份,2,电力、储能概念
赤天化,2,再生医学、干细胞概念
赤峰黄金,2,稀土永磁、黄金白银
起帆电缆,2,商业航天、风电
超卓航科,2,对日反制、军工
超捷股份,2,商业航天、智元机器人
超达装备,2,小米汽车、换电概念
跃岭股份,2,磷化铟概念、关税战概念
路畅科技,2,并购重组预期概念、无人驾驶应用
路维光电,2,半导体材料、光刻机概念
辰安科技,2,低空经济、韧性城市概念
辽宁能源,2,电力、远东大开发
达瑞电子,2,人形机器人、消费电子
迅捷兴,2,AI硬件、光通信设备
迅游科技,2,游戏、黑神话悟空概念
迈信林,2,国产芯片概念、大飞机
远东传动,2,关税战概念、并购重组预期概念
远翔新材,2,涨价概念、硅
连云港,2,关税战概念、港口航运
迦南智能,2,电力、智能电网
迪普科技,2,并购重组预期概念、核心城市算力
迪森股份,2,电力、氢能源
通宇通讯,2,商业航天、5G-A
通灵股份,2,光伏、光伏辅材
通用电梯,2,设备更新、沙特合作概念
通达海,2,自主可控、数字政务
道明光学,2,固态电池概念、AI手机
道通科技,2,智能驾驶系统、车路云一体化
郴电国际,2,电力、并购重组预期概念
酒钢宏兴,2,反内卷概念、破净整理
重庆建工,2,化债概念、西部大开发
重庆路桥,2,功率半导体、西部大开发
金利华电,2,并购重组预期概念、智能电网
金固股份,2,人形机器人、智元机器人
金圆股份,2,锂电池材料、小金属
金地集团,2,地产链、高股息
金天钛业,2,小金属、军工
金太阳,2,对日反制、折叠屏概念
金安国纪,2,AI硬件、涨价概念
金枫酒业,2,地方国资、新消费
金河生物,2,关税战概念、宠物经济
金溢科技,2,华为鸿蒙、车路云一体化
金瑞矿业,2,玻璃基板、涨价概念
金禾实业,2,涨价概念、锂电池材料
金能科技,2,煤炭概念、轮胎
金证股份,2,并购重组预期概念、稳定币概念
金诚信,2,磷化工、金属铜
金逸影视,2,关税战概念、影视概念
金银河,2,锂电池材料、固态电池概念
金陵体育,2,新消费、服务消费概念
金隅集团,2,商业航天、反内卷概念
金雷股份,2,出海、风电
金鹰重工,2,关税战概念、中吉乌铁路概念
金龙机电,2,玻璃基板、电子烟
金龙羽,2,固态电池概念、核电
鑫铂股份,2,光伏、光伏辅材
钒钛股份,2,小金属、储能概念
钧崴电子,2,人形机器人、小米机器人
钧达股份,2,商业航天、BC电池
钱江生化,2,地方国资、合成生物
铁大科技,2,关税战概念、中吉乌铁路概念
铂科新材,2,一体化电感、华为储能
银座股份,2,关税战概念、复苏消费概念
银星能源,2,电力、风电
银河电子,2,商业航天、军工
银河磁体,2,稀土永磁、出口管制概念
锋尚文化,2,首发经济、黑神话悟空概念
锋龙股份,2,人形机器人、优必选机器人
锦和商管,2,小红书概念、地产链
锦江在线,2,无人驾驶应用、无人车辆
锦江航运,2,地方国资、港口航运
锦泓集团,2,新消费、线上送礼物概念
锦浪科技,2,光伏、储能概念
键凯科技,2,创新药进度整理、涨价概念
长安汽车,2,设备更新、国企重组合并
长春高新,2,生育概念、远东大开发
长江传媒,2,地方国资、汇金证金持股
长江电力,2,电力、中证A50成分股
长江证券,2,大金融、破净整理
长源东谷,2,AI硬件、低空经济
长盈通,2,光纤、军工
长盛轴承,2,人形机器人、智元机器人
长虹能源,2,固态电池概念、充电宝概念
长青股份,2,涨价概念、农药
阳光乳业,2,复苏消费概念、生育概念
阳光照明,2,出海、LED概念
陕西煤业,2,反内卷概念、煤炭概念
陕西黑猫,2,反内卷概念、煤炭概念
隆利科技,2,玻璃基板、LED概念
隆基机械,2,商业航天、华为问界
隆平高科,2,关税战概念、中部崛起概念
隆扬电子,2,AI硬件、高速铜缆互联
隆盛科技,2,商业航天、华为手机产业链
雅运股份,2,涨价概念、换电概念
集智股份,2,商业航天、军工
雪祺电气,2,设备更新、地产链
雪迪龙,2,长鑫存储概念、对日反制
雷尔伟,2,关税战概念、设备更新
雷神科技,2,AI眼镜概念、充电宝概念
霍普股份,2,稳定币概念、蚂蚁金服概念
露笑科技,2,功率半导体、高速铜缆互联
青山纸业,2,地方国资、海峡两岸
青岛双星,2,关税战概念、轮胎
青岛食品,2,复苏消费概念、生育概念
青鸟智控,2,物理AI概念、设备更新
韶能股份,2,电力、储能概念
顺灏股份,2,商业航天、电子烟
顺络电子,2,一体化电感、华为手机产业链
顺鑫农业,2,地方国资、复苏消费概念
顺钠股份,2,AI硬件、电力
领先股份,2,半导体设备、可控核聚变
领湃科技,2,固态电池概念、储能概念
飞利信,2,核心城市算力、自主可控
首航新能,2,光伏、储能概念
香飘飘,2,关税战概念、复苏消费概念
马钢股份,2,涨价概念、反内卷概念
高新兴,2,商业航天、车路云一体化
高能环境,2,涨价概念、小金属
鲁抗医药,2,涨价概念、炭疽概念
鲁西化工,2,高股息、化肥
鸿利智汇,2,玻璃基板、LED概念
鸿博股份,2,新质生产力、DeepSeek概念
鸿富瀚,2,消费电子、高速铜缆互联
鹏欣资源,2,小金属、金属铜
鹏翎股份,2,华为问界、小米汽车
黄山旅游,2,服务消费概念、旅游
黑猫股份,2,固态电池概念、轮胎
鼎胜新材,2,锂电池材料、比亚迪产业链
鼎龙科技,2,半导体材料、出海
龙佰集团,2,涨价概念、高股息
龙江交通,2,无人驾驶应用、冰雪旅游概念
龙泉股份,2,核电、西藏水电概念
龙磁科技,2,稀土永磁、一体化电感
龙迅股份,2,AI眼镜概念、汽车芯片
*ST三六,1,地产链
*ST中设,1,地产链
*ST亚士,1,地产链
*ST亿晶,1,光伏
*ST仕净,1,光伏
*ST八钢,1,中吉乌铁路概念
*ST冀凯,1,设备更新
*ST华西,1,化债概念
*ST宁视,1,AGV机器人概念
*ST岭南,1,腾讯AI概念
*ST康佳A,1,LED概念
*ST明德,1,高股息
*ST春兴,1,化债概念
*ST棒杰,1,出海
*ST清越,1,MR概念
*ST瑞茂,1,关税战概念
*ST益通,1,银发经济
*ST美芝,1,地方国资
*ST赛为,1,AGV机器人概念
*ST集友,1,电子烟
+星湖科技,1,地方国资
0.16%名度,1,首发经济
0.17%料,1,金属铝概念
0.90%设,1,中吉乌铁路概念
1000多个区县,1,AI医疗
2.99%领域,1,版权
E*ST华幸,1,地产链
ST万邦,1,创新药进度整理
ST华扬,1,腾讯AI概念
ST华铭,1,车路云一体化
ST司特,1,化肥
ST合力泰,1,地方国资
ST同德,1,西藏水电概念
ST嘉澳,1,外卖概念
ST太重,1,海洋经济
ST文峰,1,首发经济
ST沈化,1,远东大开发
ST海泰,1,并购重组预期概念
ST海龙,1,并购重组预期概念
ST章鼓,1,磁悬浮压缩机
ST美晨,1,化债概念
ST臻镭,1,卫星互联网
ST草鼓,1,固态电池概念
ST葫芦娃,1,炭疽概念
ST豆神,1,智谱AI概念
ST迪瑞,1,远东大开发
ST金鸿顺,1,并购重组预期概念
ST龙元,1,化债概念
ST龙大,1,预制菜
XD上海机,1,人形机器人
XD中国核,1,核电
XD仙鹤股,1,涨价概念
XD国泰集,1,西藏水电概念
XD海螺,1,高股息
f探路者隆华新材,1,商业航天
j交大昂立,1,宠物经济
〇.C,1,AI眼镜概念
一博科技,1,优必选机器人
一品红,1,生育概念
一心堂,1,中药
一致魔芋,1,复苏消费概念
一诺威,1,涨价概念
一鸣食品,1,复苏消费概念
万东医疗,1,设备更新
万丰奥威中信海直,1,服务消费概念
万丰股份,1,涨价概念
万朗磁塑,1,稀土永磁
万林物流,1,并购重组预期概念
万泰生物,1,创新药进度整理
万科A令,1,破净整理
万通智控,1,车路云一体化
万里扬,1,人形机器人
三元基因中科美菱,1,生育概念
三元生物,1,合成生物
三友化工,1,硅
三友化工晨光新材,1,涨价概念
三友联众,1,800V快充
三安光电天富能源,1,功率半导体
三安光电民德电子,1,功率半导体
三峡能源,1,电力
三晖电气,1,设备更新
三柏硕,1,跨境电商
三棵树,1,地产链
三江购物,1,复苏消费概念
三江购物汇嘉时代,1,复苏消费概念
三湘印象凯撒旅业,1,复苏消费概念
三瑞智能,1,人形机器人
三维化学,1,储能概念
三维天地信息发展,1,稳定币概念
三羊马,1,统一大市场
三花智控天奇股份,1,设备更新
三角轮胎,1,轮胎
三达膜,1,核污染概念
三雄极光,1,LED概念
上声电子,1,比亚迪产业链
上大股份,1,商业航天
上汽集团东风股份,1,氢能源
上海三毛陆家嘴,1,银发经济
上海合晶,1,国产芯片概念
上海家化敷尔佳,1,医美
上海建工,1,地产链
上海建工康力电梯,1,高股息
上海新阳联芸科技,1,长江存储概念
上海汽配,1,地方国资
上海沪工上海港湾,1,商业航天
上海沿浦,1,华为问界
上海洗霸,1,固态电池概念
上海港湾,1,商业航天
上海电力,1,电力
上海电气融发核电,1,核电
上海能源,1,破净整理
世嘉科技,1,5G-A
世联行,1,地产链
世荣兆业,1,地产链
世荣兆业阳普医疗,1,地方国资
世龙实业,1,锂电池材料
东亚药业,1,合成生物
东北制药华北制药,1,生育概念
东华软件中国联通,1,腾讯AI概念
东南网架,1,电力
东吴证券,1,破净整理
东宝生物,1,医美
东方国信南京商旅,1,服务消费概念
东方新能,1,地方国资
东方日升晶科能源,1,光伏
东方海洋中国海防,1,海洋经济
东方电气明阳智能,1,风电
东方电气长城电工,1,核电
东方精工丰立智能,1,设备更新
东方财富,1,大金融
东望时代,1,地方国资
东杰智能,1,设备更新
东港股份,1,人形机器人
东百集团中央商场,1,复苏消费概念
东软集团,1,服务消费概念
东风股份,1,无人车辆
东鹏饮料,1,复苏消费概念
两面针,1,线上送礼物概念
中亚股份,1,海峡两岸
中京电子生益科技,1,AI硬件
中信出版中国出版,1,中字头概念
中信建投,1,商业航天
中信证券广联航空,1,商业航天
中信重工佳讯飞鸿,1,海洋经济
中信重工晶品特装,1,军工
中信重工泛亚微透,1,商业航天
中兴通讯怡亚通,1,核心城市算力
中再资环,1,拆解回收概念
中农联合,1,农药
中创物流,1,关税战概念
中利集团,1,光纤
中原传媒,1,版权
中原内配,1,比亚迪产业链
中原证券,1,化债概念
中原高速,1,中部崛起概念
中国中免上汽集团,1,汇金证金持股
中国中免王府井,1,旅游
中国人保,1,中字头概念
中国出版,1,版权
中国动力,1,设备更新
中国动力中船汉光,1,国企重组合并
中国动力湘电股份,1,军工
中国卫星上海沪工,1,军工信息化
中国卫星中国卫通,1,卫星互联网
中国国航,1,离境退税概念
中国国贸,1,中字头概念
中国天楹,1,储能概念
中国巨石中材科技,1,中字头概念
中国广核,1,ITER概念
中国武夷,1,地方国资
中国汽研,1,新能车检概念
中国海防中国重工,1,中字头概念
中国海防科思科技,1,军工信息化
中国电建中国中铁,1,破净整理
中国石化美锦能源,1,新质生产力
中国移动神州信息,1,量子信息
中国稀土中稀有色,1,涨价概念
中国能建中国电建,1,电力
中国船舶中船防务,1,军工
中国西电江苏华辰,1,AI硬件
中国西电特变电工,1,西部大开发
中国重汽,1,氢能源
中国铀业,1,小金属
中国铁物,1,中吉乌铁路概念
中国黄金,1,黄金白银
中坚科技,1,出海
中基健康,1,维生素
中大力德,1,人形机器人
中大精袋,1,地产链
中天服务新大正,1,地产链
中天精装,1,AI硬件
中央商场,1,复苏消费概念
中威电子大华股份,1,车路云一体化
中孚实业,1,金属铝概念
中宠股份,1,宠物经济
中密控股,1,核电
中岩大地,1,西藏水电概念
中工国际,1,沙特合作概念
中巨芯-U,1,科技重组预期概念
中恒电气科士达,1,充电桩
中成股份,1,出海
中成股份中油工程,1,中字头概念
中新集团国芯科技,1,国产芯片概念
中旗股份,1,农药
中无人机,1,军贸
中曼石油,1,石油油气
中望软件,1,物理AI概念
中材国际,1,小金属
中材节能,1,中字头概念
中水渔业中青旅,1,中字头概念
中水渔业大连重工,1,海洋经济
中汽股份,1,新能车检概念
中海达超图软件,1,车路云一体化
中润光学,1,商业航天
中炬高新,1,稀土永磁
中煤能源,1,反内卷概念
中牧股份,1,关税战概念
中电环保,1,核污染概念
中研股份金杯电工,1,800V快充
中科三环机器人,1,并购重组预期概念
中科创达中科蓝讯,1,字节跳动概念
中科微至,1,统一大市场
中科星图中科海讯,1,海洋经济
中科江南,1,数字政务
中科海讯,1,军工
中科磁业,1,稀土永磁
中科通达,1,数字政务
中策橡胶,1,商业航天
中粮科工,1,食品安全
中粮科技,1,中部崛起概念
中粮资本中国银河,1,中字头概念
中联重科,1,设备更新
中胤时尚,1,出海
中航光电永贵电器,1,充电桩
中航成华伍股份,1,军工
中航机载紫江企业,1,大飞机
中航重机中无人机,1,关税战概念
中航高科中航机载,1,中字头概念
中航高科中衡设计,1,商业航天
中船汉光,1,中字头概念
中船科找,1,国企重组合并
中船防务中船汉光,1,中字头概念
中贝通信天融信,1,DeepSeek概念
中达安,1,韧性城市概念
中远海发,1,港口航运
中远海控,1,港口航运
中远海特,1,港口航运
中远通,1,中字头概念
中重科技,1,新质生产力
中金岭南佛塑科技,1,地方国资
中金岭南民爆光电,1,AI硬件
中钢洛耐,1,商业航天
中钢洛耐中铁装配,1,中字头概念
中际旭创兰生股份,1,商业航天
中际联合,1,出海
中集环科,1,港口航运
中集车辆,1,出海
中青旅,1,服务消费概念
中青旅江西长运,1,旅游
中顺洁柔倍轻松,1,线上送礼物概念
中颖电子,1,智能驾驶系统
丰原药业,1,生育概念
丰立智能,1,人形机器人
临床候选化合物,1,AI医疗
丽人丽妆,1,麦角硫因概念
丽尚国潮,1,高股息
丽岛新材,1,锂电池材料
久日新材,1,涨价概念
久远银海,1,银发经济
乐山电力,1,电力
乐山电力甘肃能源,1,电力
乐惠国际,1,新消费
乐歌股份,1,跨境电商
乐鑫科技射频,1,RISC-V概念
九华旅游,1,旅游
九号公司,1,出海
九州通,1,SPD医疗供应链
九洲药业,1,减肥药概念
九洲集团国网英大,1,AI硬件
九牧于,1,高股息
九联科技,1,华为鸿蒙
九芝堂,1,创新药进度整理
九菱科技,1,稀土永磁
九鼎新材,1,商业航天
云中马,1,人形机器人
云南旅游,1,旅游
云南能投,1,储能概念
云天励飞中国移动,1,DeepSeek概念
云天励飞云从科技,1,大模型概念
云天励飞广和通,1,核心城市算力
云煤能源,1,煤炭概念
云里物里太湖雪,1,出海
五方光电,1,玻璃基板
五方光电欧菲光,1,MR概念
五洲交通,1,关税战概念
五粮液,1,汇金证金持股
五芳斋,1,预制菜
亚世光电,1,AI眼镜概念
亚厦股份,1,韧性城市概念
亚太药业,1,创新药进度整理
亚威股份,1,HBM存储
亚宝药业,1,生育概念
亚普股份,1,氢能源
亚盛集团,1,关税战概念
亚虹医药,1,创新药进度整理
亚钾国际,1,涨价概念
亚香股份,1,电子烟
亚香股份圣达生物,1,合成生物
交大思诺,1,关税战概念
交大思诺铁科轨道,1,设备更新
产线,1,玻璃基板
亨通光甩,1,光纤
京东方A精测电子,1,LED概念
京仪装备华源控股,1,半导体设备
京新药业甘李药业,1,关税战概念
京粮控股,1,海南封关概念
京能电力,1,电力
亿华通,1,氢能源
亿嘉和,1,大模型概念
亿纬锂能川金诺,1,涨价概念
亿联网络,1,Pika概念
仁智股份,1,石油油气
今天国际,1,统一大市场
今飞凯达,1,轮胎
仕佳光子青山纸业,1,AI硬件
仙乐健康,1,麦角硫因概念
代理商,1,长鑫存储概念
仲景食品,1,线上送礼物概念
伊之密,1,一体化压铸
众信旅游,1,复苏消费概念
众望布艺,1,出海
优利德,1,核污染概念
优博讦,1,华为海思概念
会稽山,1,新消费
会通股份,1,锂电池材料
伟创电气,1,人形机器人
伟测科技,1,国产芯片概念
伟隆股份,1,沙特合作概念
传艺科技,1,储能概念
传音控股,1,AI手机
伯特利”,1,智能驾驶系统
佐力药业,1,中药
何氏眼科,1,干细胞概念
佩蒂股份,1,宠物经济
佳华科技,1,核心城市算力
佳禾食品,1,外卖概念
佳讯飞鸿,1,军工
佳隆股份,1,线上送礼物概念
佳驰科技,1,军工
供应商,1,优必选机器人
供销大集,1,海南封关概念
依依股份,1,宠物经济
依顿电子家家悦,1,汇金证金持股
侨源股份,1,光刻机概念
侨银股份,1,无人车辆
保龄宝,1,新消费
信宇人,1,固态电池概念
信息化服务,1,AI医疗
信捷电气,1,人形机器人
信濠光电,1,消费电子
信维通信光库科技,1,卫星互联网
信质集团,1,华为问界
信质集团通达动力,1,比亚迪产业链
信达地产,1,化债概念
信达证券,1,国企重组合并
信音电子,1,商业航天
倍加洁,1,生育概念
倍杰特,1,小金属
健之佳,1,中药
健友股份,1,出海
健康”典型案例,1,AI医疗
健康元,1,生育概念
健民集团,1,创新药进度整理
健民集团康芝药业,1,生育概念
健盛集团,1,出海
健管师,1,AI医疗
健麾信息,1,SPD医疗供应链
儒意电影中国电影,1,服务消费概念
元琛科技,1,复合集流体
元祖股份双汇发展,1,高股息
兆丰股份,1,人形机器人
兆日科技,1,华为鸿蒙
兆易创新士兰微,1,关税战概念
兆讯传媒,1,字节跳动概念
兆驰股份木林森,1,LED概念
兆驰股份隆利科技,1,LED概念
先导智能“海目星,1,固态电池概念
先导智能德新科技,1,锂电池材料
先惠技术,1,固态电池概念
先达股份,1,涨价概念
光云科技,1,小红书概念
光代科技,1,光通信设备
光华科技三孚新科,1,复合集流体
光华科技天承科技,1,AI硬件
光厍科技,1,光通信设备
光大证券,1,大金融
光库科技源杰科技,1,商业航天
光纤光缆,1,光纤
光线传媒祥源文旅,1,影视概念
克来机电,1,新质生产力
克莱特,1,ITER概念
兖矿能源山煤国际,1,煤炭概念
全信股份,1,商业航天
全柴动力,1,氢能源
全柴动力苏常柴A,1,农机概念
全筑股份,1,韧性城市概念
全通教育,1,教培
公元股份,1,韧性城市概念
公牛集团,1,充电桩
六国化工川金诺,1,磷化工
共创草坪,1,新消费
共同药业,1,生育概念
共达电声,1,消费电子
兴业科技,1,磷化铟概念
兴发集团中百集团,1,地方国资
兴图新科,1,自主可控
兴森科技深南电路,1,半导体材料
兴民智通,1,车路云一体化
兴源环境,1,地方国资
兴齐眼药,1,创新药进度整理
内容审核,1,小红书概念
军信股份,1,电力
农发种业,1,农药
农心科技,1,炭疽概念
冠城新材,1,锂电池材料
冠龙节能,1,西藏水电概念
冰山冷热凯撒旅业,1,外卖概念
冰川网络,1,游戏
凤凰传媒,1,蚂蚁金服概念
凤凰股份,1,地产链
凯发电气,1,出海
凯恩股份,1,玻璃基板
凯撒旅业西藏旅游,1,旅游
凯文教育,1,地方国资
凯盛新材,1,锂电池材料
凯美特气新莱应材,1,关税战概念
出海,1,AI营销
出版传媒,1,版权
分众传媒,1,中证A50成分股
创益通,1,高速铜缆互联
创维数字杰普特,1,MR概念
创达新材,1,半导体设备
创远信科,1,卫星互联网
利和兴,1,AI硬件
利尔达,1,RISC-V概念
利德曼,1,生育概念
利通电子,1,英伟达概念
到十万亿级以上,1,AI医疗
前进科技,1,出海
力佳科技,1,固态电池概念
力合科创国信证券,1,地方国资
力诺药包,1,玻璃基板
务集团公司,1,AI医疗
劲嘉股份,1,电子烟
劲旅环境,1,无人车辆
勘设股份,1,稳定币概念
化和商业化的合作,1,AI医疗
北交所,1,稀土永磁
北京人力,1,地方国资
北京利尔,1,国产芯片概念
北京君正中电港,1,AI硬件
北京文化上海电影,1,关税战概念
北京科锐,1,储能概念
北大荒,1,关税战概念
北方华创中微公司,1,新质生产力
北方稀土中国稀土,1,出口管制概念
北方长龙,1,军工
北特科技,1,人形机器人
北矿科技,1,稀土永磁
北陆药业,1,并购重组预期概念
北鼎股份,1,宠物经济
匠心家居,1,银发经济
千禾味业,1,线上送礼物概念
千红制药,1,创新药进度整理
千里科技,1,出海
升级,1,AI医疗
升达林业,1,西部大开发
华东医药长城汽车,1,汇金证金持股
华丰股份,1,固态电池概念
华仁药业,1,炭疽概念
华体科技,1,低空经济
华光新材,1,AI硬件
华凯易佰,1,首发经济
华创云信,1,券商重组预期
华利集团,1,出海
华北制药,1,维生素
华升股份,1,出海
华发股份津滨发展,1,地产链
华塑控股,1,地方国资
华大智造“东富龙,1,合成生物
华天科技通富微电,1,先进封装
华天酒店金陵饭店,1,复苏消费概念
华孚时尚,1,AI硬件
华宝新能,1,储能概念
华尔泰,1,涨价概念
华帝股份,1,设备更新
华微电子,1,功率半导体
华恒生物,1,合成生物
华数传媒,1,地方国资
华星创业,1,商业航天
华曙高科,1,折叠屏概念
华民股份,1,光伏
华泰股份,1,涨价概念
华洋赛车,1,冰雪旅游概念
华润三九,1,腾讯AI概念
华源控股,1,人形机器人
华特达因,1,生育概念
华电科工青达环保,1,电力
华电能源,1,电力
华秦科技,1,军工
华立科技,1,谷子经济概念
华立股份,1,华为鸿蒙
华翔股份,1,磁悬浮压缩机
华联控股,1,高股息
华胜天成优刻得,1,国产芯片概念
华能国际,1,电力
华能水电明星电力,1,电力
华能蒙电,1,电力
华致酒行,1,服务消费概念
华茂股份,1,大金融
华菱线缆佰奥智能,1,设备更新
华融化学,1,对日反制
华西股份全信股份,1,光通信设备
华贸物流春雪食品,1,京东概念
华资实业,1,券商重组预期
华达科技,1,一体化压铸
华通线缆,1,出海
华邦健康,1,医美
华金资本广电计量,1,地方国资
华金资本苏豪汇鸿,1,大金融
华鑫股份,1,大金融
华锋股份,1,无人驾驶应用
协和电子,1,AI硬件
卓兆点胶,1,光伏辅材
卓创资讯,1,数据要素
卓郎智能,1,设备更新
南亚新材,1,涨价概念
南京医药,1,SPD医疗供应链
南京高科,1,高股息
南侨食品,1,复苏消费概念
南华仪器,1,新能车检概念
南华生物,1,再生医学
南王科技,1,外卖概念
南矿集团,1,黄金白银
南网储能,1,储能概念
南网数字,1,电力
南网能源,1,电力
南芯科技,1,AI硬件
南都物业,1,地产链
南风股份,1,地方国资
博亚精工,1,中部崛起概念
博拓生物,1,关税战概念
博敏电子多浦乐,1,商业航天
博济医药,1,减肥药概念
博源化工,1,化肥
博瑞医药,1,减肥药概念
博盈特焊,1,核电
博硕科技,1,消费电子
博科技,1,人形机器人
博科测试,1,低空经济
博腾股份,1,电子烟
博通集成,1,消费电子
卡倍亿,1,高速铜缆互联
厚普股份,1,氢能源
双一科技,1,风电
双塔食品西安饮食,1,复苏消费概念
双汇发展丽人丽妆,1,海峡两岸
双环科技,1,地方国资
双飞集团,1,人形机器人
双鹭药业广生堂,1,创新药进度整理
发展,1,AI医疗
发的药物获批临床,1,AI医疗
发行运营,1,乙游概念
古汉医药,1,银发经济
古汉医药双箭股份,1,银发经济
可孚医疗,1,银发经济
史丹利,1,化肥
合力科技,1,一体化压铸
合富中国,1,SPD医疗供应链
合百集团安通控股,1,统一大市场
合锻智能弘讯科技,1,ITER概念
吉冈精密,1,华为问界
吉大正元路畅科技,1,车路云一体化
吉峰科技,1,设备更新
吉比特,1,游戏
吉祥航空,1,离境退税概念
吉迩,1,电子烟
吉鑫科技日月股份,1,风电
同为股份,1,AI视觉
同星科技,1,核心城市算力
同花顺,1,大金融
同飞股份,1,光刻机概念
同飞飞股份,1,超聚变
向日葵,1,国产芯片概念
君实生物振东制药,1,创新药进度整理
吴志机电,1,商业航天
味知香,1,复苏消费概念
和顺石油,1,华为液冷快充
咸亨国际中无人机,1,低空经济
品牌入驻,1,小红书概念
哈投股份,1,券商重组预期
哈焊华通,1,可控核聚变
哈铁科技,1,远东大开发
唐人神,1,反内卷概念
唐山港,1,高股息
唯它,1,电子烟
唯科科技,1,人形机器人
商络电子雅创电子,1,HBM存储
善水科技,1,农药
嘉亨家化,1,医美
嘉友国际,1,统一大市场
嘉戎技术,1,核污染概念
嘉泽新能,1,电力
嘉益股份,1,出海
嘉美包装,1,海峡两岸
嘉诚国际,1,海南封关概念
四川双马西藏天路,1,反内卷概念
四川成渝,1,西部大开发
四川美丰,1,化肥
四川路桥,1,西部大开发
四川长虹回天新材,1,华为海思概念
四川黄金,1,黄金白银
四方光电,1,半导体设备
四方科技,1,港口航运
四昌甩方,1,电力
四环生物,1,再生医学
国义招标,1,稳定币概念
国信证券,1,国企重组合并
国元证券,1,破净整理
国光股份,1,涨价概念
国光连锁,1,复苏消费概念
国子软件,1,华为鸿蒙
国投智館,1,数据要素
国投电力,1,电力
国星光电聚灿光电,1,LED概念
国检集团广电计量,1,设备更新
国盛智科恒进感应,1,工业母机
国睿科技航天南湖,1,军工
国科恒泰,1,SPD医疗供应链
国网信通金现代,1,智能电网
国网英大,1,储能概念
国联民生,1,券商重组预期
国能日新,1,电力
国脉科技,1,稳定币概念
国芳集团,1,复苏消费概念
国茂股份,1,人形机器人
国药一致,1,SPD医疗供应链
国药股份,1,关税战概念
国风新材阳谷华泰,1,半导体材料
图像生成,1,AIGC应用
图南股份,1,军工
圣晖集成,1,半导体设备
圣泉集团中化国际,1,半导体材料
圣达生物,1,维生素
圣龙股份,1,华为问界
地铁设计,1,地方国资
坚朗五金,1,地产链
垒知集团中铁装配,1,地产链
垒知集团福建高速,1,海峡两岸
埃夫特,1,人形机器人
城市传媒,1,版权
城投控股,1,地方国资
城投控股信达地产,1,地产链
塔牌集团,1,反内卷概念
塔牌集团富森美,1,高股息
壶化股份,1,西藏水电概念
备中,1,AI医疗
外服控股,1,无人驾驶应用
多伦科技博瑞医药,1,人形机器人
多浦乐,1,核电
多瑞医药,1,炭疽概念
夜光明,1,新消费
大业股份飞亚达,1,商业航天
大众交通,1,无人驾驶应用
大元泵业,1,核心城市算力
大华股份宝钛股份,1,海洋经济
大参林,1,中药
大叶股份,1,出海
大唐发电,1,电力
大唐药业,1,中药
大地海洋,1,拆解回收概念
大地熊,1,稀土永磁
大宏立,1,西藏水电概念
大宏立中建环能,1,西部大开发
大恒科技,1,腾讯AI概念
大普微,1,涨价概念
大智慧,1,大金融
大港股份,1,汽车芯片
大禹节水,1,西藏水电概念
大胜达,1,钙钛矿电池
大豪科技,1,DeepSeek概念
大连热电,1,远东大开发
大连热电广西能源,1,电力
大连重工,1,商业航天
大连重工景业智能,1,核电
大金重工泰胜风能,1,风电
天亿马,1,AI低代码概念
天佑德酒,1,新消费
天保基建国睿科技,1,大飞机
天健集团,1,高股息
天元智能,1,氢能源
天准科技,1,AI硬件
天利科技,1,大金融
天力锂能,1,锂电池材料
天地源,1,地产链
天奈科技,1,固态电池概念
天威视讯,1,短剧产业
天山铝业,1,金属铝概念
天府文旅西部牧业,1,西部大开发
天德钰,1,国产芯片概念
天新药业,1,维生素
天普股份广安爱众,1,国产芯片概念
天汽模,1,并购重组预期概念
天津普林,1,玻璃基板
天润乳业,1,线上送礼物概念
天目湖,1,旅游
天禾股份,1,低空经济
天能股份,1,换电概念
天能重工,1,风电
天迈科技,1,无人驾驶应用
天通股份上海沪工,1,商业航天
天邦食品,1,反内卷概念
天铁科技,1,固态电池概念
天银机电灿勤科技,1,商业航天
天音控股代理小野,1,电子烟
天马新材,1,AI硬件
天马科技,1,海峡两岸
天鹅股份林海股份,1,农机概念
天龙股份,1,车路云一体化
太平洋,1,券商重组预期
太平鸟,1,复苏消费概念
太湖雪,1,关税战概念
太阳纸业,1,涨价概念
太龙药业,1,创新药进度整理
奇德新材威奥股份,1,低空经济
奇正藏药,1,创新药进度整理
奕东电子,1,高速铜缆互联
奕帆传动,1,设备更新
奕瑞科技,1,关税战概念
奥克股份,1,锂电池材料
奥士康,1,英伟达概念
奥普光电中旗新材,1,关税战概念
奥海科技,1,充电宝概念
奥特佳,1,小米汽车
奥飞飞数据,1,数据要素
奧克股份,1,锂电池材料
奧比中光智微智能,1,人形机器人
奧瑞德,1,稳定币概念
奧瑞金,1,海峡两岸
奧赛康,1,创新药进度整理
奧雅股份,1,首发经济
好利科技,1,海峡两岸
好当家,1,预制菜
威力传动,1,设备更新
威尔泰,1,固态电池概念
威尔高,1,AI硬件
威派格,1,稳定币概念
威迈斯,1,800V快充
威马农机,1,农机概念
学大教育,1,教培
宁夏建材,1,反内卷概念
宁波东力,1,人形机器人
宁波富达ST金顶,1,地产链
宁波富邦,1,金属铝概念
宁波建工中国中铁,1,化债概念
宁波建工广电电气,1,大厂算力梳理
宁波港广深铁路,1,破净整理
宁波银行,1,破净整理
宇晶股份大地熊,1,出口管制概念
宇环数控东方精工,1,AGV机器人概念
宇环数控华辰装备,1,工业母机
宇环数控日发精机,1,工业母机
宇通重工,1,无人车辆
安博通,1,核心城市算力
安图生物,1,生育概念
安奈儿,1,生育概念
安宁股份,1,小金属
安居宝,1,地产链
安必平,1,腾讯AI概念
安控科技东方环宇,1,西部大开发
安旭生物,1,宠物经济
安泰科技国光电气,1,ITER概念
安科瑞,1,电力
安纳达,1,磷化工
安达科技,1,锂电池材料
安达维尔华安鑫创,1,低空经济
安迪苏,1,维生素
安通控股,1,远东大开发
安道麦A,1,农药
安邦护卫,1,地方国资
安靠智电,1,电力
宏和科技,1,AI硬件
宏川智慧,1,统一大市场
宏工科技,1,固态电池概念
宏英智能,1,商业航天
宏英智能雪龙集团,1,设备更新
宏辉果蔬,1,关税战概念
宜宾纸业,1,并购重组预期概念
宜宾纸业金利华电,1,并购重组预期概念
宜通世纪,1,商业航天
宝兰德,1,MCP概念
宝利国际,1,并购重组预期概念
宝鹰股份,1,化债概念
实丰文化致欧科技,1,宠物经济
宣泰医药,1,地方国资
家家悦,1,复苏消费概念
宿迁联盛,1,磷化铟概念
密封科技,1,氢能源
富吉瑞,1,军工
富士达,1,商业航天
富安娜,1,高股息
富恒新材,1,出口管制概念
富春染织,1,人形机器人
富春股份名臣健康,1,字节跳动概念
富春股份浙文影业,1,新消费
富煌钢构,1,可控核聚变
富特科技,1,V2G概念
寒锐钴业,1,涨价概念
寒锐钻业,1,金属铜
寿仙谷,1,麦角硫因概念
封装,1,玻璃基板
小崧份,1,电子烟
小崧股份,1,电子烟
尚品宅配,1,地产链
尚太科技,1,出口管制概念
尚太科技中科电气,1,锂电池材料
尤洛卡,1,军工
居然智家北纬科技,1,字节跳动概念
山东墨龙,1,石油油气
山东海化,1,涨价概念
山东钢铁,1,反内卷概念
山东高速,1,高股息
山东黄金,1,黄金白银
山推股份南矿集团,1,西藏水电概念
山科智能,1,磁悬浮压缩机
山西高速,1,黑神话悟空概念
岱勒新材高测股份,1,光伏新技术
崇德科技,1,核电
川宁生物农发种业,1,关税战概念
川投饀沜,1,电力
川网传媒,1,国企人工智能
川能动力绿发电力,1,电力
工业富咲中科曙光,1,新质生产力
工业富联中国长城,1,核心城市算力
工程供应商,1,长鑫存储概念
巨轮智能创世纪,1,工业母机
巴比食品,1,宠物经济
希荻微,1,AI手机
帝奥微,1,人形机器人
常山北明云赛智联,1,国企人工智能
常山药业千金药业,1,生育概念
常山药业通化金马,1,创新药进度整理
常熟汽饰,1,智能驾驶系统
常熟银行,1,破净整理
常辅股份,1,ITER概念
常辅股份天力复合,1,ITER概念
平台,1,物理AI概念
平安电工,1,AI硬件
平安银行,1,破净整理
并行科技凯添燃气,1,AI硬件
幸福蓝海,1,关税战概念
广东宏大,1,军贸
广东宏大保利联合,1,西藏水电概念
广信股份,1,农药
广咨国际旭杰科技,1,地产链
广州港,1,地方国资
广州酒家同庆楼,1,预制菜
广康生化,1,炭疽概念
广康生化湖南海利,1,农药
广弘控股,1,关税战概念
广日股份,1,地方国资
广汽集团华域汽车,1,破净整理
广生堂,1,创新药进度整理
广电运通初灵信息,1,国产芯片概念
广百股份,1,复苏消费概念
广联航空,1,商业航天
广联航空炼石航空,1,大飞机
广联达,1,地产链
广聚能源,1,地方国资
广西能源,1,储能概念
广誉远,1,中药
康农种业,1,关税战概念
康冠科技,1,AI眼镜概念
康冠科技晨光股份,1,教培
康力电梯,1,外骨骼机器人
康助理,1,AI医疗
康尼机电,1,设备更新
康希诺,1,创新药进度整理
康德莱,1,SPD医疗供应链
康恩贝,1,地方国资
康斯特,1,商业航天
康普顿,1,氢能源
康芝药业,1,海南封关概念
康辰药业,1,创新药进度整理
廊坊发展,1,电力
延江股份,1,生育概念
建发合诚,1,地方国资
建发股份深圳机场,1,汇金证金持股
建发致新,1,地方国资
建新股份,1,低空经济
建科智能,1,设备更新
开勒股份,1,无人车辆
开普云,1,DeepSeek概念
开普检测,1,新能车检概念
开滦股份,1,共聚聚甲醛
开特股份禾昌聚合,1,小米汽车
弘业期货永安期货,1,大金融
弘亚数控,1,新质生产力
弘信电子中富通,1,字节跳动概念
弘信电子广联航空,1,商业航天
弘宇股份,1,农机概念
弘景光电,1,影石全景相机
张江高科芯源微,1,新质生产力
强邦新材,1,AI硬件
彩虹股份,1,玻璃基板
彩虹集团,1,冰雪旅游概念
徕木股份,1,800V快充
得利斯,1,预制菜
得邦照明,1,LED概念
微创光电,1,地方国资
微芯生物,1,创新药进度整理
德众汽车,1,拆解回收概念
德尔未来,1,可控核聚变
德尔玛,1,并购重组预期概念
德尔股份,1,固态电池概念
德恩精工科力尔,1,设备更新
德石股份,1,石油油气
德科立,1,AI硬件
德美化工,1,涨价概念
德邦科技理工光科,1,人形机器人
必创科技,1,海洋经济
必得科技,1,设备更新
思林杰,1,科技重组预期概念
思泉新材,1,AI手机
思源电气盛弘股份,1,充电桩
思瑞浦,1,汽车芯片
思进智能,1,冷锻工艺概念
怡合达,1,设备更新
恒兴新材,1,锂电池材料
恒勃股份,1,华为问界
恒基达鑫,1,统一大市场
恒大高新,1,字节跳动概念
恒太照明,1,出海
恒宇信通中直股份,1,军工
恒宝股份格尔软件,1,稳定币概念
恒实科技,1,电力
恒工精密,1,智元机器人
恒帅股份,1,人形机器人
恒沩科技,1,大厂算力梳理
恒源煤电,1,反内卷概念
恒烁股份复旦微电,1,半导体存储器
恒盛能源,1,关税战概念
恒达新材,1,外卖概念
恒逸石化,1,破净整理
恒铭达,1,消费电子
恒银科技,1,自主可控
恒锋工具,1,冷锻工艺概念
恩威医药,1,生育概念
恩捷股份佛塑科技,1,固态电池概念
悦心健康苏宁环球,1,医美
悦达投资,1,氢能源
惠博普,1,石油油气
惠城环保,1,稀土永磁
惠而浦,1,地产链
意华股份ST得润,1,华为海思概念
慈星股份,1,设备更新
慧为智能,1,RISC-V概念
慧辰股份,1,AI营销
戈碧迦,1,玻璃基板
戎美股份,1,线上送礼物概念
成都先导,1,腾讯AI概念
成都华微复旦微电,1,半导体存储器
成都燃气,1,西部大开发
成都路桥,1,西部大开发
成都银行,1,破净整理
成飞集成,1,军工
我爱我家,1,地产链
扬州金泉,1,出海
扬帆新材,1,涨价概念
技术与研发,1,玻璃基板
报喜鸟,1,复苏消费概念
拉普拉斯,1,光伏
拉环料,1,金属铝概念
拉芳家化百亚股份,1,线上送礼物概念
拓荆科技矽电股份,1,长江存储概念
拓邦股份,1,人形机器人
招商蛇口国投电力,1,汇金证金持股
招商蛇口大悦城,1,地产链
招商证券,1,长鑫存储概念
招金黄金,1,黄金白银
挖金客,1,字节跳动概念
振华重工,1,海洋经济
振江股份双一科技,1,风电
振芯科技华力创通,1,军工信息化
振芯科技震有科技,1,卫星互联网
捷佳伟创杰普特,1,光伏
捷强裝备,1,军工
捷昌驱动,1,人形机器人
捷荣技术,1,消费电子
推广运营,1,小红书概念
摩恩电气,1,设备更新
播恩集团,1,合成生物
播恩集团新天地,1,合成生物
收购,1,优必选机器人
敦煌种业,1,关税战概念
文本生成,1,AIGC应用
文灿股份,1,华为问界
文灿股份泉峰汽车,1,一体化压铸
文科股份地铁设计,1,地方国资
斯菱智驱,1,人形机器人
新中港,1,电力
新乡化纤江瀚新材,1,出海
新余国科,1,西藏水电概念
新余国科国科军工,1,商业航天
新兴装备,1,外骨骼机器人
新农股份,1,农药
新华保险,1,汇金证金持股
新华制𦲂,1,宠物经济
新华百货,1,复苏消费概念
新城市,1,地产链
新大正,1,服务消费概念
新大陆浦东建设,1,汇金证金持股
新天绿能,1,电力
新媒股份,1,文生视频概念
新宁物流,1,统一大市场
新安股份和邦生物,1,磷化工
新宏泰,1,并购重组预期概念
新宏泽,1,电子烟
新宝股份,1,出海
新恒汇,1,半导体材料
新时达,1,新质生产力
新朋股份,1,AI硬件
新柴股份,1,农机概念
新洋丰四川美丰,1,化肥
新炬网络伴,1,甲骨文概念
新点软件,1,数字政务
新疆众和,1,半导体材料
新筑股份,1,西部大开发
新联电子,1,电力
新迅达,1,锂矿
新铝时代,1,比亚迪产业链
新锦动力,1,石油油气
新黄浦,1,地产链
方大特钢,1,反内卷概念
方盛制药,1,服务消费概念
无线传媒,1,字节跳动概念
无锡振华,1,小米汽车
日久光电,1,折叠屏概念
日出东方,1,华为液冷快充
日发精机,1,人形机器人
日月股份,1,核电
日照港,1,关税战概念
日盈电子,1,智能驾驶系统
日联科技,1,AI硬件
时代万恒,1,充电宝概念
时代电气中国中车,1,800V快充
时创能源,1,BC电池
昂立教育,1,教培
昆船智能,1,AGV机器人概念
昆船智能中国重工,1,国企重组合并
昆药集团,1,中药
昇兴股份,1,海峡两岸
昊华科技博云新材,1,大飞机
昊帆生物,1,减肥药概念
明牌珠宝,1,黄金白银
明阳电路,1,玻璃基板
易天股份瑞联新材,1,LED概念
易普力,1,西藏水电概念
易点天下中国中免,1,新消费
易点天下引力传媒,1,字节跳动概念
星宇股份,1,华为问界
星帅尔,1,磁悬浮压缩机
星徽股份,1,功率半导体
星湖科技,1,合成生物
星源卓镁,1,低空经济
星环科技,1,数据要素
春光智能,1,冰雪旅游概念
春晖智控,1,商业航天
春秋航空,1,离境退税概念
春风动力,1,出海
晋控电力,1,电力
晓鸣股份,1,关税战概念
晨光生物,1,关税战概念
晨化股份,1,风电
晨曦航空,1,军工
普元信息,1,AI低代码概念
普冉股份,1,涨价概念
普冉股份成都华微,1,半导体存储器
普洛药业,1,涨价概念
普联软件,1,数字政务
普邦股份,1,字节跳动概念
景兴纸业,1,人形机器人
景应用赋能,1,AI医疗
晶丰明源,1,AI硬件
晶华微,1,科技重组预期概念
晶华新材,1,固态电池概念
晶合集成,1,国产芯片概念
晶科科技,1,电力
晶雪节能,1,冰雪旅游概念
智微智能均胜电子,1,人形机器人
智微智能长龄液压,1,AGV机器人概念
智慧农业,1,农机概念
智慧农业一拖股份,1,设备更新
智洋创新,1,智能电网
智飞生物,1,中证A50成分股
曙光数创,1,核心城市算力
曼恩斯特科恒股份,1,钙钛矿电池
有友食品,1,复苏消费概念
有研粉材,1,商业航天
朗姿股份海澜之家,1,线上送礼物概念
朗威股份,1,AI硬件
朗特智能,1,优必选机器人
朗玛信息,1,SPD医疗供应链
望变电气,1,出海
朝阳科技,1,消费电子
权投资,1,AI医疗
杉杉股份璞泰来,1,800V快充
材料供应商,1,长鑫存储概念
材料加工,1,稀土永磁
杭华股份,1,谷子经济概念
杭叉集团,1,设备更新
杭州园林,1,地产链
杭州银行,1,破净整理
杭氧股份中泰股份,1,半导体材料
杭电股份,1,光纤
杰恩股份,1,并购重组预期概念
松炀资源,1,外卖概念
松盛股份,1,低空经济
林海股份,1,设备更新
柏楚电子,1,工业母机
柘中股份,1,对日反制
柳药集团,1,SPD医疗供应链
格灵深瞳,1,大模型概念
桂冠电力,1,电力
梅安森,1,设备更新
梅花生物,1,合成生物
梦百合,1,关税战概念
森林包装,1,外卖概念
森源电气,1,电力
森马服饰,1,高股息
森鹰窗业,1,地产链
楚江新材吉林化纤,1,涨价概念
概伦电子,1,国产芯片概念
榕基软件,1,数字政务
横店东磁海目星,1,光伏
横店东磁铂科新材,1,800V快充
欣龙控股,1,海南封关概念
欧圣电气,1,银发经济
欧普泰,1,光伏辅材
欧普照明,1,LED概念
歌力思,1,小红书概念
正和生态,1,智谱AI概念
正强股份,1,冷锻工艺概念
正海磁材,1,稀土永磁
正邦科技,1,反内卷概念
步科股份,1,人形机器人
武商集团国芳集团,1,新消费
武汉天源,1,海洋经济
武汉控股,1,地方国资
武汉蓝电,1,固态电池概念
武进不锈,1,涨价概念
民士达,1,涨价概念
民德电子,1,科技重组预期概念
民德电子赛英电子,1,功率半导体
民爆光电,1,出海
民生健康,1,维生素
氯碱化工,1,地方国资
水井坊,1,复苏消费概念
水发燃气,1,半导体材料
水晶光电五方光电,1,消费电子
永东股份,1,轮胎
永信至诚,1,腾讯AI概念
永兴材料江特电机,1,反内卷概念
永冠新材,1,AI硬件
永利股份,1,小米机器人
永吉股份,1,电子烟
永和智控,1,出海
永杰新材,1,固态电池概念
永泰能源荣盛发展,1,破净整理
永泰运,1,统一大市场
永茂泰,1,一体化压铸
永鼎股份大族激光,1,商业航天
永鼎股份西部超导,1,可控核聚变
汇宇制药,1,创新药进度整理
汇成真空,1,玻璃基板
汇成股份,1,玻璃基板
汇洁股份,1,高股息
汇源通信,1,光纤
汇绿生态,1,AI硬件
汇金股份,1,大金融
汉宇集团,1,人形机器人
汉缆股份,1,电力
汉邦高科,1,版权
汉钟精机,1,磁悬浮压缩机
江中猴,1,中药
江天化学,1,共聚聚甲醛
江山股份广信股份,1,磷化工
江海股份铜峰电子,1,可控核聚变
江苏新能,1,并购重组预期概念
江苏有线,1,大厂算力梳理
江苏索普,1,涨价概念
江苏银行,1,破净整理
江西长运,1,中部崛起概念
江顺科技,1,商业航天
江龙船艇,1,军工
沃格光电众合科技,1,商业航天
沃森生物,1,创新药进度整理
沃特股份川环科技,1,小米汽车
沃顿科技,1,核污染概念
沙钢股份,1,反内卷概念
沪光股份,1,华为问界
沪农商行,1,破净整理
沪硅产业,1,硅
河钢资源,1,金属铜
泉峰汽车,1,比亚迪产业链
泓博医药,1,创新药进度整理
泓淋电力,1,出海
法兰泰克,1,西藏水电概念
法尔胜,1,光纤
泛微网络,1,腾讯AI概念
泛微网络云赛智联,1,腾讯AI概念
波导股份,1,商业航天
泰凌微,1,大基金持股
泰嘉股份,1,AIPC概念
泰坦股份,1,AI硬件
泰山石油厚普股份,1,氢能源
泰恩康,1,创新药进度整理
泰慕士广百股份,1,地方国资
泰晶科技,1,AI硬件
泰永长征,1,智能电网
泰永长征伊戈尔,1,AI硬件
泰永长征北京科锐,1,电力
泰福泵业,1,出海
泰禾智能,1,AGV机器人概念
泰鹏智能,1,冰雪旅游概念
泽宇智能,1,电力
泽璟制药,1,创新药进度整理
洁美科技,1,AI硬件
洁雅股份,1,医美
洋河股份,1,复苏消费概念
津投城开日海智能,1,化债概念
洪兴股份,1,线上送礼物概念
洪田股份芯碁微装,1,光刻机概念
洲明科技艾比森,1,LED概念
洽洽食品,1,线上送礼物概念
派诺科技,1,AI硬件
流程的优化,1,AI医疗
测等方面,1,AI医疗
济川药业,1,生育概念
济高发展,1,科技重组预期概念
浔兴股份,1,跨境支付
浙江世宝均普智能,1,智能驾驶系统
浙江交科,1,地方国资
浙江仙通,1,地方国资
浙江正特,1,宠物经济
浙江永强,1,关税战概念
浙江美大,1,高股息
浙江自然,1,冰雪旅游概念
浙江荣泰,1,人形机器人
浙江黎明,1,冷锻工艺概念
浙海德曼,1,人形机器人
浙矿股份,1,设备更新
浩欧博,1,并购重组预期概念
浩瀚深度,1,数据要素
浩物股份,1,拆解回收概念
海伦哲,1,核污染概念
海信家电,1,设备更新
海信视像,1,黑神话悟空概念
海光信息超讯科技,1,DeepSeek概念
海利尔,1,农药
海力风电,1,设备更新
海南机场海汽集团,1,地方国资
海博思创,1,储能概念
海大集团,1,宠物经济
海天味业,1,线上送礼物概念
海容冷链,1,海峡两岸
海峡创新,1,海峡两岸
海峡环保,1,地方国资
海峡股份,1,海南封关概念
海德股份,1,海南封关概念
海思科,1,创新药进度整理
海新能科,1,地方国资
海晨股份,1,关税战概念
海智,1,地方国资
海格通信ST臻镭,1,军工信息化
海欣股份,1,创新药进度整理
海正生材,1,地方国资
海正药业,1,地方国资
海油工程冀中能源,1,破净整理
海泰新光,1,设备更新
海泰科,1,小米汽车
海源复材,1,碳纤维
海特生物,1,创新药进度整理
海立股份上海建工,1,地方国资
海联金汇新力金融,1,大金融
海航控股,1,海南封关概念
海螺新材,1,光伏
海达股份,1,港口航运
海顺新材,1,固态电池概念
海鸥住工,1,关税战概念
海鸥股份,1,AI硬件
涌鼎互联,1,光通信设备
涛涛车业,1,人形机器人
润-W,1,AEBS概念
润丰股份,1,磷化工
润农节水,1,地方国资
润普食品,1,关税战概念
润禾材料,1,硅
润贝航科,1,商业航天
润都股份,1,电子烟
淮北矿业,1,反内卷概念
淮河能源,1,电力
深中华A,1,黄金白银
深华发A,1,地产链
深圳燃气,1,地方国资
深圳瑞捷,1,房屋养老金概念
深圳能源广深铁路,1,商业航天
深振业A卫光生物,1,地方国资
深水海纳,1,海洋经济
深水规院广田集团,1,地方国资
深深房A,1,地产链
深高速,1,地方国资
渝三峡A,1,西部大开发
渝农商行,1,破净整理
渤海租赁,1,低空经济
渤海股份,1,并购重组预期概念
温州宏丰,1,AI硬件
温氏股份,1,关税战概念
港迪技术,1,西藏水电概念
湖北宜化中毅达,1,化肥
湖南发展,1,并购重组预期概念
湖南发𢟍,1,电力
湖南海利,1,锂电池材料
湖南白银,1,黄金白银
湘佳股份,1,关税战概念
湘财股份,1,大金融
源飞宠物,1,复苏消费概念
溯联股份,1,AI硬件
滨江集团,1,地产链
滨海能源,1,固态电池概念
潍柴动力腾龙股份,1,氢能源
澄星股份,1,磷化工
澜起科技寒武纪,1,AI硬件
澳柯玛,1,并购重组预期概念
澳洋健康莎普爱思,1,生育概念
濮阳惠成,1,Micro(硅基)OLED
瀚蓝环境,1,地方国资
火星人,1,人形机器人
火炬电子振华科技,1,军工信息化
灵鸽科技,1,固态电池概念
灿能电力科润智控,1,电力
灿芯股份,1,国产芯片概念
烽火通信中安科,1,核心城市算力
爱克股份,1,低空经济
爱婴室,1,生育概念
爱慕股份,1,小红书概念
爱旭股份,1,光伏新技术
爱普股份,1,电子烟
爱柯迪,1,人形机器人
爱迪特,1,对日反制
物产中大首旅酒店,1,银发经济
特一药业,1,NMN概念
特发信息兆驰股份,1,地方国资
特瑞斯,1,AI硬件
猴菇饮用品,1,中药
獐子岛,1,预制菜
玉容科下,1,军贸
玉禾田,1,无人车辆
玉马科技,1,跨境电商
王府井,1,离境退税概念
环旭电子,1,AI硬件
玻璃通孔,1,玻璃基板
珂玛科技,1,AI硬件
珍宝岛,1,中药
珠江钢琴,1,地方国资
珠海冠宇,1,固态电池概念
理工导航,1,军贸
理邦仪器,1,低空经济
瑞丰光电,1,LED概念
瑞丰高材鲁抗医药,1,合成生物
瑞奇智造,1,石油油气
瑞德智館,1,RISC-V概念
瑞斯康达,1,核心城市算力
瑞晨环保,1,稀土永磁
瑞泰科技,1,并购重组预期概念
瑞迪智驱,1,人形机器人
甘咨询,1,韧性城市概念
甘李药业,1,减肥药概念
甘源食品,1,线上送礼物概念
甘肃能源,1,电力
生产能力,1,麦角硫因概念
生意宝,1,跨境电商
生益电子,1,AI硬件
生益电子青山纸业,1,光通信设备
生益科技,1,AI硬件
用与赋能,1,AI医疗
甬金股份,1,涨价概念
田中精机,1,人形机器人
申华控股,1,拆解回收概念
申吴科技,1,海洋经济
申联生物,1,宠物经济
申达股份,1,地方国资
申通地铁,1,地方国资
电光科技,1,核心城市算力
电投水电江苏新能,1,电力
电科蓝天,1,商业航天
电科蓝天隆盛科技,1,商业航天
电科院南网科技,1,智能电网
电缆的,1,光纤
电魂网络,1,游戏
登云股份,1,并购重组预期概念
登海种业,1,关税战概念
白云山,1,生育概念
白云机场广咨国际,1,地方国资
白银,1,黄金白银
百利天恒一品红,1,创新药进度整理
百升股份,1,地产链
百合股份佳隆股份,1,线上送礼物概念
百大集团,1,复苏消费概念
百奥泰,1,出海
百川能源,1,高股息
百普赛斯,1,干细胞概念
百洋医药,1,创新药进度整理
百润股份威龙股份,1,新消费
百纳千成天元股份,1,京东概念
百诚医药,1,创新药进度整理
百通能源,1,电力
皇台酒业,1,复苏消费概念
皇氏集团金字火腿,1,线上送礼物概念
皓宸医疗,1,并购重组预期概念
皖维高新,1,AI硬件
皖能电力中国广核,1,核电
皖能电力广东建工,1,储能概念
皖通科技,1,车路云一体化
皖通高速,1,中部崛起概念
皮阿诺,1,小红书概念
盈峰环境,1,无人车辆
盈康生命,1,服务消费概念
盈建科,1,空中成像
盈新发展,1,蚂蚁金服概念
益丰药房,1,中药
益生股份,1,关税战概念
盐津铺子一致魔芋,1,复苏消费概念
盖世食品太湖雪,1,复苏消费概念
盘古智能,1,设备更新
盘江股份,1,高股息
盛剑科技,1,半导体设备
盛合晶微,1,国产芯片概念
盛德鑫泰,1,涨价概念
盛泰集团,1,关税战概念
盛科通信安路科技,1,汇金证金持股
盛航股份,1,港口航运
盛视科技,1,车路云一体化
盛达资源,1,黄金白银
盛邦安全,1,商业航天
盛龙股份,1,小金属
盟升电子观想科技,1,军工
盟固利,1,锂电池材料
相关参股,1,优必选机器人
眏翰通,1,物理AI概念
真爱美家,1,出海
矽电股份,1,半导体设备
矿产开发,1,稀土永磁
研奥股份,1,关税战概念
碧水源,1,破净整理
磁共振成像辅助,1,阿尔兹海默症
磁谷科技,1,磁悬浮压缩机
磷化铟晶片,1,磷化铟概念
祖名股份,1,新消费
神农种业,1,关税战概念
神农种业罗牛山,1,海南封关概念
神州数码软通动力,1,国产芯片概念
神州细胞,1,创新药进度整理
神州高铁金盾股份,1,设备更新
祥和实业,1,AI硬件
祥源文旅,1,低空经济
福安药业,1,涨价概念
福安药业ST南新,1,创新药进度整理
福建水泥博闻科技,1,地产链
福建金森,1,地方国资
福斯达,1,氢能源
福星股份,1,地产链
福然德,1,统一大市场
福田汽车宇通客车,1,氢能源
福能股份中国广核,1,电力
福莱新材,1,人形机器人
福蓉科技“,1,折叠屏概念
秀强股份,1,反内卷概念
秋乐种业,1,关税战概念
秋田微,1,智能驾驶系统
科信技术,1,储能概念
科创新源,1,大厂算力梳理
科前生物,1,宠物经济
科力股份,1,石油油气
科华控股,1,华为问界
科大智能,1,换电概念
科大讯飞三六零,1,新质生产力
科大讯飞华金资本,1,人形机器人
科安达,1,设备更新
科德教育中天服务,1,服务消费概念
科思股份,1,医美
科捷智能,1,无人车辆
科沃斯,1,人形机器人
科润智控,1,AI硬件
科翔股份,1,AI硬件
科蓝软件百联股份,1,大模型概念
科达自控,1,人形机器人
移为通信,1,车路云一体化
移沩通信,1,出海
移远通信顺网科技,1,英伟达概念
稀土出口,1,稀土永磁
稀土回收,1,稀土永磁
空芯光纤,1,光纤
立中集团广东鸿图,1,一体化压铸
立新能源,1,电力
立方制药汉商集团,1,医美
立航科技,1,AGV机器人概念
立霸股份,1,科技重组预期概念
第一创业南华期货,1,大金融
第一医药百联股份,1,离境退税概念
筑博设计,1,西藏水电概念
粤宏远A天迈科技,1,并购重组预期概念
粤高速A广东建科,1,地方国资
粤高速A深高速,1,高股息
粵传媒,1,AIGC应用
粵电力A,1,电力
精华制药,1,共聚聚甲醛
精工钢构,1,NMN概念
精测电子实益达,1,先进封装
精测电子盛美上海,1,长江存储概念
精进电动,1,800V快充
精锻科技,1,人形机器人
索菱股份,1,车路云一体化
索菲亚,1,地产链
索辰科技,1,物理AI概念
紫光股份海得控制,1,光通信设备
紫燕食品,1,线上送礼物概念
红墙股份,1,涨价概念
红墻股份,1,西藏水电概念
红日药业,1,创新药进度整理
红棉股份,1,地方国资
红相股份招标股份,1,海峡两岸
红蜻蜓,1,复苏消费概念
纬达光电,1,AI眼镜概念
纬达光电具备AR,1,AI眼镜概念
纳尔股份,1,氢能源
纳睿雷达,1,军工
纳睿雷达思特奇,1,低空经济
纳科诺尔,1,固态电池概念
纵横股份,1,低空经济
纵横通信,1,字节跳动概念
纽威数控,1,工业母机
经纬恒,1,AEBS概念
经纬辉开,1,科技重组预期概念
经销商,1,黄金白银
统一股份,1,AI硬件
维宏股份,1,工业母机
维尔利,1,破净整理
维峰电子,1,高速铜缆互联
维康药业,1,创新药进度整理
维海德,1,AI视觉
维维股份燕塘乳业,1,新消费
维远股份,1,锂电池材料
绿亨科技,1,关税战概念
绿发电力,1,电力
绿能慧充,1,充电桩
绿色动力世茂能源,1,电力
罗普斯金,1,房屋养老金概念
罗牛山厦门象屿,1,统一大市场
罗莱生活,1,高股息
美亚光电,1,食品安全
美信科技,1,一体化电感
美好医疗甘李药业,1,减肥药概念
美迪凯,1,玻璃基板
美邦服饰大叶股份,1,跨境电商
美邦股份,1,农药
羚锐制药,1,关税战概念
翔楼新材,1,人形机器人
翰宇药业华东医药,1,减肥药概念
老百姓,1,中药
耐普矿机,1,设备更新
联创电子均胜电子,1,英伟达概念
联创股份,1,锂电池材料
联发股份,1,高股息
联域股份,1,出海
联得装备,1,MR概念
联得装备精测电子,1,Micro(硅基)OLED
联检科技,1,房屋养老金概念
联泓新科同宇新材,1,半导体材料
联环药业,1,创新药进度整理
联盛化学,1,锂电池材料
联科科技,1,轮胎
联美控股,1,国产芯片概念
联诚精密,1,磁悬浮压缩机
联赢激光博众精工,1,消费电子
聚光电,1,LED概念
聚星科技,1,关税战概念
聚杰微纤,1,AI硬件
聚胶股份,1,生育概念
聚飞飞光电,1,AI硬件
肯特股份,1,AI硬件
能辉科技,1,电力
腾达科技,1,商业航天
腾龙股份,1,华为问界
至纯科技中微公司,1,长江存储概念
致远互联,1,AI低代码概念
致远新能,1,氢能源
舍得酒业,1,复苏消费概念
舜宇精工,1,冷锻工艺概念
航发科技,1,军工
航天动力,1,商业航天
航天工程,1,商业航天
航天彩虹中无人机,1,军工
航天机电,1,商业航天
航天科技高华科技,1,商业航天
航子微,1,军工信息化
航宇科技,1,商业航天
航材股份,1,大飞机
艾力斯,1,出海
艾布鲁,1,国产芯片概念
艾森股份普利特,1,半导体材料
艾沩电子,1,消费电子
艾能聚,1,光伏辅材
艾迪精密,1,人形机器人
节能环境,1,电力
节能风电,1,电力
芯瑞达,1,LED概念
花园生物,1,维生素
花溪科技润农节水,1,关税战概念
苏垦农发,1,关税战概念
苏奥传感,1,AI硬件
苏宁环球,1,高股息
苏州天脉,1,AI硬件
苏州科达当虹科技,1,DeepSeek概念
苏州银行,1,破净整理
苏盐井神,1,NMN概念
苏能股份,1,电力
英力特,1,并购重组预期概念
英思特,1,稀土永磁
英搏尔,1,低空经济
英方软件,1,稳定币概念
英杰电气,1,可控核聚变
英特集团,1,地方国资
英集芯,1,充电宝概念
英飞特,1,换电概念
茂业商业国芳集团,1,关税战概念
茂业商业广百股份,1,离境退税概念
茂化实华世联行,1,地方国资
茂硕电源,1,低空经济
荣信文化,1,教培
荣安地产,1,高股息
荣昌生物,1,创新药进度整理
荣晟环保,1,人形机器人
莎普爱思,1,炭疽概念
莱美药业,1,创新药进度整理
莱茵生物,1,合成生物
菲达环保,1,地方国资
葵花药业,1,生育概念
蒙娜丽莎,1,地产链
蓝晓科技久吾高科,1,锂矿
蓝焰控股,1,石油油气
蓝色光标中文在线,1,服务消费概念
蔚蓝生物华绿生物,1,合成生物
蘅东光,1,AI硬件
蜂助于,1,字节跳动概念
蜂助手,1,华为甄选与支付
蠡湖股份,1,固态电池概念
行动教育,1,教培
行动教育我爱我家,1,医美
襄阳轴承,1,军工
西力科技,1,电力
西宁特钢,1,反内卷概念
西安饮食桂发祥,1,预制菜
西磁科技,1,稀土永磁
西部创业,1,西部大开发
西高院,1,国企重组合并
西麦食品,1,线上送礼物概念
观恕科技,1,军工信息化
观想科技,1,军工
视频生成,1,AIGC应用
许可,1,稀土永磁
许继电气金盘科技,1,电力
设备供应商,1,长鑫存储概念
设计总院,1,低空经济
诚志股份,1,NMN概念
诚志股份维信诺,1,LED概念
诺力股份,1,设备更新
诺思兰德,1,创新药进度整理
诺瓦星云,1,商业航天
诺禾致源,1,合成生物
诺诚健华,1,创新药进度整理
读客文化,1,版权
豪尔赛,1,低空经济
豪恩汽电阿尔特,1,人形机器人
豪悦护理,1,生育概念
豪江智能,1,银发经济
豪美新材,1,金属铝概念
豪迈科技,1,工业母机
豪鹏科技,1,AI眼镜概念
豪鹏科技兴民智通,1,智能驾驶系统
豫园股份,1,破净整理
豫园股份上海九百,1,离境退税概念
豫能控股,1,电力
贝特瑞,1,固态电池概念
贝肯能源,1,石油油气
贝达药业,1,创新药进度整理
财富趋势,1,大金融
贤丰控股,1,涨价概念
贤丰控股盐湖股份,1,锂矿
贵州轮胎,1,轮胎
贵广网络,1,国企人工智能
贵绳股份,1,军工
贵航股份,1,军工
贵阳银行,1,高股息
赛伍技术联瑞新材,1,半导体材料
赛力斯,1,设备更新
赛升药业,1,创新药进度整理
赛微电子北斗星通,1,军工
赛托生物,1,涨价概念
赛摩智能,1,新质生产力
赛维时代,1,出海
赛象科技,1,轮胎
赞宇科技,1,食品安全
赣锋锂业雅化集团,1,锂矿
超声用子钢气体,1,地方国资
超声电子,1,AI硬件
超声电子生益科技,1,涨价概念
超捷股份中泰股份,1,商业航天
超研股份,1,宠物经济
超越科技,1,拆解回收概念
超频三,1,消费电子
越秀资本中山公用,1,商业航天
路斯股份,1,宠物经济
路桥信息,1,地方国资
软控股份,1,轮胎
软通动力东华软件,1,腾讯AI概念
轻纺城,1,地方国资
辉煌科技,1,军工信息化
辉隆股份,1,农药
辉隆股份国联股份,1,统一大市场
辰光医疗,1,可控核聚变
辰欣药业,1,创新药进度整理
辽港股份。宁波港,1,破净整理
达仁堂,1,中药
达刚控股,1,西部大开发
达利凯普,1,AI硬件
达嘉维康,1,生育概念
达威股份,1,西部大开发
达梦数据,1,关税战概念
迈克生物,1,生育概念
迈威生物,1,创新药进度整理
迈得医疗,1,减肥药概念
迈沩股份,1,功率半导体
远东股份天奇股份,1,人形机器人
远大控股,1,关税战概念
连城数控,1,磷化铟概念
迪哲医药,1,出海
迪威尔,1,海洋经济
迪安诊断,1,服务消费概念
迪尔化工,1,储能概念
迪普科技神州信息,1,量子信息
迪生力,1,轮胎
退市苏吴,1,医美
通力科技,1,人形机器人
通化金马,1,阿尔兹海默症
通宝能源,1,电力
通源石油,1,石油油气
通用股份,1,轮胎
通达电气,1,无人车辆
通达股份,1,新质生产力
通鼎互联,1,AI硬件
逸豪新材,1,AI硬件
邮储银行,1,破净整理
郑中设计,1,新消费
郑中设计维业股份,1,地产链
郑州煤电山煤国际,1,中部崛起概念
郑州银行,1,破净整理
鄂尔多斯方大特钢,1,高股息
酒鬼酒,1,复苏消费概念
酷特智能,1,复苏消费概念
酷特智館,1,生育概念
重庆啤酒,1,外卖概念
重庆银行,1,破净整理
重药控股,1,SPD医疗供应链
金三江,1,气凝胶
金健米业,1,中部崛起概念
金凯生科,1,减肥药概念
金刚光伏,1,光伏新技术
金博股份凯众股份,1,低空经济
金发科技国恩股份,1,充电桩
金圆股份西藏城投,1,锂矿
金埔园林,1,化债概念
金埔园林绿茵生态,1,化债概念
金域医学,1,阿尔兹海默症
金奥博,1,车路云一体化
金奧博,1,西藏水电概念
金富科技,1,AI硬件
金开新能,1,电力
金徽酒,1,复苏消费概念
金房能源,1,电力
金新农,1,反内卷概念
金春股份,1,商业航天
金杨精密,1,小米机器人
金杯汽车,1,拆解回收概念
金杯电工,1,可控核聚变
金正大,1,化肥
金洲管道,1,涨价概念
金海通,1,半导体设备
金百泽,1,AI低代码概念
金盾股份,1,低空经济
金盾股份五新隧装,1,西藏水电概念
金石亚药,1,创新药进度整理
金石资源,1,半导体材料
金禄电子,1,储能概念
金钟股份,1,冷锻工艺概念
金隅冀东,1,反内卷概念
金马游乐,1,生育概念
鑫源智造,1,华为问界
鑫磊股份,1,磁悬浮压缩机
钒钛,1,小金属
钱江摩托,1,出海
铁建重工,1,西藏水电概念
铁建重工新筑股份,1,设备更新
铁科轨道,1,中吉乌铁路概念
铂德,1,电子烟
铖昌科技,1,商业航天
铜峰电子,1,并购重组预期概念
铜牛信息国投智能,1,国企人工智能
铜陵有色湖南白银,1,涨价概念
铭利达,1,电子烟
铭普光𥔵,1,磷化铟概念
铭科精技,1,华为问界
银信科技,1,字节跳动概念
银河电子观想科技,1,军工信息化
银都股份,1,出海
银龙股份,1,中吉乌铁路概念
锐明技术,1,AEBS概念
锡业股份兴业银锡,1,涨价概念
锡装股份,1,核电
锦华新材,1,地方国资
锦江在线深圳能源,1,国企重组合并
锦鸡股份,1,涨价概念
锦龙股份,1,券商重组预期
镇洋发展,1,氢能源
镇海股份,1,地方国资
长城军工,1,军贸
长城汽车,1,出海
长城电工,1,核电
长城科技,1,比亚迪产业链
长川科技广立微,1,半导体设备
长川科技深科达,1,半导体设备
长春燃气,1,远东大开发
长江通信ST臻镭,1,商业航天
长沙银行,1,破净整理
长源电力,1,电力
长缆科技,1,商业航天
长荣股份,1,光伏
长裕集团,1,对日反制
长进光子,1,光纤
长青集团,1,电力
长高电气四方股份,1,电力
闰土股份,1,高股息
闰士股份,1,涨价概念
闽发铝业,1,地方国资
阳谷华泰,1,轮胎
阿莱德,1,5G-A
陇神戎发,1,创新药进度整理
陕国投A,1,化债概念
陕建股份,1,化债概念
陕西华达北摩高科,1,商业航天
陕西能源,1,电力
陕西金叶,1,电子烟
陕鼓动力,1,储能概念
院实现安装使用,1,AI医疗
隆华新材,1,锂电池材料
隆基绿能爱旭股份,1,光伏
隆达股份,1,军工
隆鑫通用,1,出海
隧道股份,1,韧性城市概念
雅艺科技,1,冰雪旅游概念
雅达股份,1,AI硬件
集泰股份,1,港口航运
雪人集团顺灏股份,1,商业航天
雪人集团高澜股份,1,ITER概念
雪龙集团,1,人形机器人
零点有数,1,AI低代码概念
雷柏科技,1,AI眼镜概念
雷科防务纳睿雷达,1,军工信息化
雷赛智能,1,人形机器人
震安科技,1,韧性城市概念
震有科技,1,商业航天
震裕科技,1,小米机器人
青岛金王新华都,1,外卖概念
青木科技嘉诚国际,1,字节跳动概念
青矩技术,1,地产链
鞍钢股份,1,反内卷概念
韩建河山,1,西藏水电概念
音频生成,1,AIGC应用
音飞储存唯捷创芯,1,比亚迪产业链
顺威股份,1,低空经济
顺控发展,1,地方国资
领先股份温州宏丰,1,半导体材料
风神股份,1,轮胎
飞南资源,1,金属铜
飞天诚信,1,跨境支付
飞料信,1,食品安全
飞沃科技,1,商业航天
飞飞亚达,1,并购重组预期概念
飞飞利信,1,RISC-V概念
飞飞南资源,1,拆解回收概念
飞马国际,1,统一大市场
飞鹿股份,1,西藏水电概念
飞龙股份,1,AI硬件
首创环保,1,地方国资
首创证券,1,地方国资
首华燃气,1,石油油气
首开股份,1,人形机器人
香江控股,1,高股息
骑士乳业欧福蛋业,1,关税战概念
高争民爆,1,西部大开发
高凌信息,1,军工信息化
高华科技,1,商业航天
高德红外奥普光电,1,军工
高德红外广东宏大,1,军工
高斯贝尔,1,涨价概念
高新发展,1,并购重组预期概念
魅视科技,1,商业航天
鲁信创投,1,商业航天
鲁北化工,1,涨价概念
鲁泰A,1,优必选机器人
鲁银投资,1,涨价概念
鸿智科技,1,关税战概念
鸿泉技术,1,车路云一体化
鹏鼎控股广合科技,1,AI硬件
麒盛科技,1,出海
黃山旅游,1,关税战概念
黄金,1,黄金白银
黔源电力,1,电力
鼎信通讯,1,国产芯片概念
鼎智科技,1,人形机器人
鼎汉技术,1,设备更新
鼎泰高科,1,AI硬件
鼎通科技,1,高速铜缆互联
鼎阳科技,1,英伟达概念
齐心集团,1,谷子经济概念
齐心集团南宁百货,1,京东概念
齐翔腾达,1,锂电池材料
齐鲁华信,1,石油油气
齐鲁银行,1,破净整理
龙佰集团正丹股份,1,出海
龙净环保,1,地方国资
龙图光罩,1,半导体材料
龙星科技,1,轮胎
龙泉股份瑞奇智造,1,可控核聚变
龙腾光电,1,LED概念
龙软科技,1,商业航天
龙高股份,1,地方国资
𠊞展健康,1,新消费
慈文传媒,1,AI眼镜概念
